alpha,similarity,base_lr,effective_lr,seed,forgetting,forgetting_reduction,loss_t1_after_t1,loss_t1_after_t2,loss_t2_after_t2,relative_time
0.0,0.0,0.01,0.01,0,-0.027126669883728027,0.0,0.14282096922397614,0.11569429934024811,0.04177474603056908,0.19219183921813965
0.0,0.0,0.01,0.01,1,-0.03451886773109436,0.0,0.14401620626449585,0.10949733853340149,0.04205755516886711,0.25359392166137695
0.0,0.0,0.01,0.01,2,-0.041167207062244415,0.0,0.15054839849472046,0.10938119143247604,0.04457245022058487,0.1895771026611328
0.0,0.0,0.01,0.01,3,-0.024276673793792725,0.0,0.14365245401859283,0.11937578022480011,0.03939574584364891,0.1756284236907959
0.0,0.0,0.01,0.01,4,-0.03891945630311966,0.0,0.15742692351341248,0.11850746721029282,0.04079298675060272,0.1544206142425537
0.25,0.0,0.01,0.0001,0,-0.0022117793560028076,0.0,0.14282096922397614,0.14060918986797333,0.3064625859260559,0.20586323738098145
0.25,0.0,0.01,0.0001,1,-0.002306148409843445,0.0,0.14401620626449585,0.1417100578546524,0.3023644685745239,0.1671428680419922
0.25,0.0,0.01,0.0001,2,-0.0025099515914916992,0.0,0.15054839849472046,0.14803844690322876,0.3158806264400482,0.20688629150390625
0.25,0.0,0.01,0.0001,3,-0.002031564712524414,0.0,0.14365245401859283,0.14162088930606842,0.2739870250225067,0.2031402587890625
0.25,0.0,0.01,0.0001,4,-0.0023800432682037354,0.0,0.15742692351341248,0.15504688024520874,0.3033458888530731,0.18955731391906738
0.5,0.0,0.01,0.0001,0,-0.0022117793560028076,0.0,0.14282096922397614,0.14060918986797333,0.3064625859260559,0.17011070251464844
0.5,0.0,0.01,0.0001,1,-0.002306148409843445,0.0,0.14401620626449585,0.1417100578546524,0.3023644685745239,0.20497727394104004
0.5,0.0,0.01,0.0001,2,-0.0025099515914916992,0.0,0.15054839849472046,0.14803844690322876,0.3158806264400482,0.22954821586608887
0.5,0.0,0.01,0.0001,3,-0.002031564712524414,0.0,0.14365245401859283,0.14162088930606842,0.2739870250225067,0.20740222930908203
0.5,0.0,0.01,0.0001,4,-0.0023800432682037354,0.0,0.15742692351341248,0.15504688024520874,0.3033458888530731,0.18810820579528809
0.75,0.0,0.01,0.0001,0,-0.0022117793560028076,0.0,0.14282096922397614,0.14060918986797333,0.3064625859260559,0.21497082710266113
0.75,0.0,0.01,0.0001,1,-0.002306148409843445,0.0,0.14401620626449585,0.1417100578546524,0.3023644685745239,0.17574381828308105
0.75,0.0,0.01,0.0001,2,-0.0025099515914916992,0.0,0.15054839849472046,0.14803844690322876,0.3158806264400482,0.19340109825134277
0.75,0.0,0.01,0.0001,3,-0.002031564712524414,0.0,0.14365245401859283,0.14162088930606842,0.2739870250225067,0.20971918106079102
0.75,0.0,0.01,0.0001,4,-0.0023800432682037354,0.0,0.15742692351341248,0.15504688024520874,0.3033458888530731,0.20970797538757324
1.0,0.0,0.01,0.0001,0,-0.0022117793560028076,0.0,0.14282096922397614,0.14060918986797333,0.3064625859260559,0.21151423454284668
1.0,0.0,0.01,0.0001,1,-0.002306148409843445,0.0,0.14401620626449585,0.1417100578546524,0.3023644685745239,0.21380233764648438
1.0,0.0,0.01,0.0001,2,-0.0025099515914916992,0.0,0.15054839849472046,0.14803844690322876,0.3158806264400482,0.19228315353393555
1.0,0.0,0.01,0.0001,3,-0.002031564712524414,0.0,0.14365245401859283,0.14162088930606842,0.2739870250225067,0.19311952590942383
1.0,0.0,0.01,0.0001,4,-0.0023800432682037354,0.0,0.15742692351341248,0.15504688024520874,0.3033458888530731,0.1732027530670166
1.5,0.0,0.01,0.0001,0,-0.0022117793560028076,0.0,0.14282096922397614,0.14060918986797333,0.3064625859260559,0.2190234661102295
1.5,0.0,0.01,0.0001,1,-0.002306148409843445,0.0,0.14401620626449585,0.1417100578546524,0.3023644685745239,0.1603384017944336
1.5,0.0,0.01,0.0001,2,-0.0025099515914916992,0.0,0.15054839849472046,0.14803844690322876,0.3158806264400482,0.19791197776794434
1.5,0.0,0.01,0.0001,3,-0.002031564712524414,0.0,0.14365245401859283,0.14162088930606842,0.2739870250225067,0.18627214431762695
1.5,0.0,0.01,0.0001,4,-0.0023800432682037354,0.0,0.15742692351341248,0.15504688024520874,0.3033458888530731,0.17865848541259766
2.0,0.0,0.01,0.0001,0,-0.0022117793560028076,0.0,0.14282096922397614,0.14060918986797333,0.3064625859260559,0.20983457565307617
2.0,0.0,0.01,0.0001,1,-0.002306148409843445,0.0,0.14401620626449585,0.1417100578546524,0.3023644685745239,0.20697903633117676
2.0,0.0,0.01,0.0001,2,-0.0025099515914916992,0.0,0.15054839849472046,0.14803844690322876,0.3158806264400482,0.19534754753112793
2.0,0.0,0.01,0.0001,3,-0.002031564712524414,0.0,0.14365245401859283,0.14162088930606842,0.2739870250225067,0.16841983795166016
2.0,0.0,0.01,0.0001,4,-0.0023800432682037354,0.0,0.15742692351341248,0.15504688024520874,0.3033458888530731,0.1959857940673828
0.0,0.0,0.05,0.05,0,0.19194702134700492,0.0,0.0005207724752835929,0.1924677938222885,8.492814231431112e-05,0.19801640510559082
0.0,0.0,0.05,0.05,1,0.18797892777365632,0.0,0.00044594259816221893,0.18842487037181854,7.978251232998446e-05,0.1931014060974121
0.0,0.0,0.05,0.05,2,0.1888164163683541,0.0,0.00048498500837013125,0.18930140137672424,9.994988795369864e-05,0.17751336097717285
0.0,0.0,0.05,0.05,3,0.19626592472195625,0.0,0.0003858022391796112,0.19665172696113586,8.696790609974414e-05,0.1900346279144287
0.0,0.0,0.05,0.05,4,0.18787230289308354,0.0,0.0005137648549862206,0.18838606774806976,8.229372906498611e-05,0.19613051414489746
0.25,0.0,0.05,0.0005,0,0.0005985291791148484,0.0,0.0005207724752835929,0.0011193016543984413,0.18138232827186584,0.18886923789978027
0.25,0.0,0.05,0.0005,1,0.000534793158294633,0.0,0.00044594259816221893,0.000980735756456852,0.17557136714458466,0.16149330139160156
0.25,0.0,0.05,0.0005,2,0.0005059292889200151,0.0,0.00048498500837013125,0.0009909142972901464,0.1731816977262497,0.1747903823852539
0.25,0.0,0.05,0.0005,3,0.0005712114507332444,0.0,0.0003858022391796112,0.0009570136899128556,0.17421449720859528,0.21269464492797852
0.25,0.0,0.05,0.0005,4,0.0005911070038564503,0.0,0.0005137648549862206,0.001104871858842671,0.17841672897338867,0.1642138957977295
0.5,0.0,0.05,0.0005,0,0.0005985291791148484,0.0,0.0005207724752835929,0.0011193016543984413,0.18138232827186584,0.20731639862060547
0.5,0.0,0.05,0.0005,1,0.000534793158294633,0.0,0.00044594259816221893,0.000980735756456852,0.17557136714458466,0.18786144256591797
0.5,0.0,0.05,0.0005,2,0.0005059292889200151,0.0,0.00048498500837013125,0.0009909142972901464,0.1731816977262497,0.2024390697479248
0.5,0.0,0.05,0.0005,3,0.0005712114507332444,0.0,0.0003858022391796112,0.0009570136899128556,0.17421449720859528,0.17992210388183594
0.5,0.0,0.05,0.0005,4,0.0005911070038564503,0.0,0.0005137648549862206,0.001104871858842671,0.17841672897338867,0.25385236740112305
0.75,0.0,0.05,0.0005,0,0.0005985291791148484,0.0,0.0005207724752835929,0.0011193016543984413,0.18138232827186584,0.22004079818725586
0.75,0.0,0.05,0.0005,1,0.000534793158294633,0.0,0.00044594259816221893,0.000980735756456852,0.17557136714458466,0.18934369087219238
0.75,0.0,0.05,0.0005,2,0.0005059292889200151,0.0,0.00048498500837013125,0.0009909142972901464,0.1731816977262497,0.1919248104095459
0.75,0.0,0.05,0.0005,3,0.0005712114507332444,0.0,0.0003858022391796112,0.0009570136899128556,0.17421449720859528,0.18096637725830078
0.75,0.0,0.05,0.0005,4,0.0005911070038564503,0.0,0.0005137648549862206,0.001104871858842671,0.17841672897338867,0.1955430507659912
1.0,0.0,0.05,0.0005,0,0.0005985291791148484,0.0,0.0005207724752835929,0.0011193016543984413,0.18138232827186584,0.2018289566040039
1.0,0.0,0.05,0.0005,1,0.000534793158294633,0.0,0.00044594259816221893,0.000980735756456852,0.17557136714458466,0.206923246383667
1.0,0.0,0.05,0.0005,2,0.0005059292889200151,0.0,0.00048498500837013125,0.0009909142972901464,0.1731816977262497,0.18880772590637207
1.0,0.0,0.05,0.0005,3,0.0005712114507332444,0.0,0.0003858022391796112,0.0009570136899128556,0.17421449720859528,0.20977783203125
1.0,0.0,0.05,0.0005,4,0.0005911070038564503,0.0,0.0005137648549862206,0.001104871858842671,0.17841672897338867,0.22019243240356445
1.5,0.0,0.05,0.0005,0,0.0005985291791148484,0.0,0.0005207724752835929,0.0011193016543984413,0.18138232827186584,0.19585919380187988
1.5,0.0,0.05,0.0005,1,0.000534793158294633,0.0,0.00044594259816221893,0.000980735756456852,0.17557136714458466,0.20979809761047363
1.5,0.0,0.05,0.0005,2,0.0005059292889200151,0.0,0.00048498500837013125,0.0009909142972901464,0.1731816977262497,0.17982983589172363
1.5,0.0,0.05,0.0005,3,0.0005712114507332444,0.0,0.0003858022391796112,0.0009570136899128556,0.17421449720859528,0.17147135734558105
1.5,0.0,0.05,0.0005,4,0.0005911070038564503,0.0,0.0005137648549862206,0.001104871858842671,0.17841672897338867,0.20450520515441895
2.0,0.0,0.05,0.0005,0,0.0005985291791148484,0.0,0.0005207724752835929,0.0011193016543984413,0.18138232827186584,0.18088340759277344
2.0,0.0,0.05,0.0005,1,0.000534793158294633,0.0,0.00044594259816221893,0.000980735756456852,0.17557136714458466,0.20198774337768555
2.0,0.0,0.05,0.0005,2,0.0005059292889200151,0.0,0.00048498500837013125,0.0009909142972901464,0.1731816977262497,0.1951303482055664
2.0,0.0,0.05,0.0005,3,0.0005712114507332444,0.0,0.0003858022391796112,0.0009570136899128556,0.17421449720859528,0.20265936851501465
2.0,0.0,0.05,0.0005,4,0.0005911070038564503,0.0,0.0005137648549862206,0.001104871858842671,0.17841672897338867,0.20929431915283203
0.0,0.0,0.1,0.1,0,0.19857589401203768,0.0,2.210364755228511e-06,0.1985781043767929,3.007401971899526e-07,0.18479394912719727
0.0,0.0,0.1,0.1,1,0.19465528578575686,0.0,1.4290112630988006e-06,0.19465671479701996,2.471509219503787e-07,0.225494384765625
0.0,0.0,0.1,0.1,2,0.19614003378171674,0.0,1.656234076108376e-06,0.19614169001579285,3.7578405454041786e-07,0.22113537788391113
0.0,0.0,0.1,0.1,3,0.2033370081950352,0.0,1.152915842794755e-06,0.203338161110878,2.477427756275574e-07,0.22054481506347656
0.0,0.0,0.1,0.1,4,0.19450107545742412,0.0,1.725245624584204e-06,0.1945028007030487,2.7116021783513133e-07,0.17494630813598633
0.25,0.0,0.1,0.001,0,0.002068101092163488,0.0,2.210364755228511e-06,0.0020703114569187164,0.16398990154266357,0.1979062557220459
0.25,0.0,0.1,0.001,1,0.0018549682440607285,0.0,1.4290112630988006e-06,0.0018563972553238273,0.15942104160785675,0.1809368133544922
0.25,0.0,0.1,0.001,2,0.001824664657192443,0.0,1.656234076108376e-06,0.0018263208912685513,0.1569267064332962,0.21455788612365723
0.25,0.0,0.1,0.001,3,0.001913423012979365,0.0,1.152915842794755e-06,0.0019145759288221598,0.1584932506084442,0.2237682342529297
0.25,0.0,0.1,0.001,4,0.0019522721707971868,0.0,1.725245624584204e-06,0.001953997416421771,0.16216997802257538,0.2713179588317871
0.5,0.0,0.1,0.001,0,0.002068101092163488,0.0,2.210364755228511e-06,0.0020703114569187164,0.16398990154266357,0.2472379207611084
0.5,0.0,0.1,0.001,1,0.0018549682440607285,0.0,1.4290112630988006e-06,0.0018563972553238273,0.15942104160785675,0.16353893280029297
0.5,0.0,0.1,0.001,2,0.001824664657192443,0.0,1.656234076108376e-06,0.0018263208912685513,0.1569267064332962,0.18630170822143555
0.5,0.0,0.1,0.001,3,0.001913423012979365,0.0,1.152915842794755e-06,0.0019145759288221598,0.1584932506084442,0.20396971702575684
0.5,0.0,0.1,0.001,4,0.0019522721707971868,0.0,1.725245624584204e-06,0.001953997416421771,0.16216997802257538,0.16077756881713867
0.75,0.0,0.1,0.001,0,0.002068101092163488,0.0,2.210364755228511e-06,0.0020703114569187164,0.16398990154266357,0.1808314323425293
0.75,0.0,0.1,0.001,1,0.0018549682440607285,0.0,1.4290112630988006e-06,0.0018563972553238273,0.15942104160785675,0.18767857551574707
0.75,0.0,0.1,0.001,2,0.001824664657192443,0.0,1.656234076108376e-06,0.0018263208912685513,0.1569267064332962,0.20913958549499512
0.75,0.0,0.1,0.001,3,0.001913423012979365,0.0,1.152915842794755e-06,0.0019145759288221598,0.1584932506084442,0.20930027961730957
0.75,0.0,0.1,0.001,4,0.0019522721707971868,0.0,1.725245624584204e-06,0.001953997416421771,0.16216997802257538,0.23838090896606445
1.0,0.0,0.1,0.001,0,0.002068101092163488,0.0,2.210364755228511e-06,0.0020703114569187164,0.16398990154266357,0.24145984649658203
1.0,0.0,0.1,0.001,1,0.0018549682440607285,0.0,1.4290112630988006e-06,0.0018563972553238273,0.15942104160785675,0.2243661880493164
1.0,0.0,0.1,0.001,2,0.001824664657192443,0.0,1.656234076108376e-06,0.0018263208912685513,0.1569267064332962,0.22494268417358398
1.0,0.0,0.1,0.001,3,0.001913423012979365,0.0,1.152915842794755e-06,0.0019145759288221598,0.1584932506084442,0.2412402629852295
1.0,0.0,0.1,0.001,4,0.0019522721707971868,0.0,1.725245624584204e-06,0.001953997416421771,0.16216997802257538,0.19902539253234863
1.5,0.0,0.1,0.001,0,0.002068101092163488,0.0,2.210364755228511e-06,0.0020703114569187164,0.16398990154266357,0.24362397193908691
1.5,0.0,0.1,0.001,1,0.0018549682440607285,0.0,1.4290112630988006e-06,0.0018563972553238273,0.15942104160785675,0.21409988403320312
1.5,0.0,0.1,0.001,2,0.001824664657192443,0.0,1.656234076108376e-06,0.0018263208912685513,0.1569267064332962,0.19644618034362793
1.5,0.0,0.1,0.001,3,0.001913423012979365,0.0,1.152915842794755e-06,0.0019145759288221598,0.1584932506084442,0.2570059299468994
1.5,0.0,0.1,0.001,4,0.0019522721707971868,0.0,1.725245624584204e-06,0.001953997416421771,0.16216997802257538,0.19239163398742676
2.0,0.0,0.1,0.001,0,0.002068101092163488,0.0,2.210364755228511e-06,0.0020703114569187164,0.16398990154266357,0.22338080406188965
2.0,0.0,0.1,0.001,1,0.0018549682440607285,0.0,1.4290112630988006e-06,0.0018563972553238273,0.15942104160785675,0.24089264869689941
2.0,0.0,0.1,0.001,2,0.001824664657192443,0.0,1.656234076108376e-06,0.0018263208912685513,0.1569267064332962,0.2163374423980713
2.0,0.0,0.1,0.001,3,0.001913423012979365,0.0,1.152915842794755e-06,0.0019145759288221598,0.1584932506084442,0.2290961742401123
2.0,0.0,0.1,0.001,4,0.0019522721707971868,0.0,1.725245624584204e-06,0.001953997416421771,0.16216997802257538,0.17431139945983887
0.0,0.2,0.01,0.01,0,-0.04565785825252533,0.0,0.14282096922397614,0.0971631109714508,0.03817291185259819,0.20108270645141602
0.0,0.2,0.01,0.01,1,-0.05191411077976227,0.0,0.14401620626449585,0.09210209548473358,0.038357898592948914,0.15383195877075195
0.0,0.2,0.01,0.01,2,-0.05904803425073624,0.0,0.15054839849472046,0.09150036424398422,0.04098837822675705,0.19352936744689941
0.0,0.2,0.01,0.01,3,-0.04375625401735306,0.0,0.14365245401859283,0.09989620000123978,0.0363459475338459,0.15659093856811523
0.0,0.2,0.01,0.01,4,-0.0573589950799942,0.0,0.15742692351341248,0.10006792843341827,0.03761446475982666,0.19764232635498047
0.25,0.2,0.01,0.00668740304976422,0,-0.05178046226501465,0.0,0.14282096922397614,0.09104050695896149,0.07122639566659927,0.18028616905212402
0.25,0.2,0.01,0.00668740304976422,1,-0.05699416995048523,0.0,0.14401620626449585,0.08702203631401062,0.07168656587600708,0.17249560356140137
0.25,0.2,0.01,0.00668740304976422,2,-0.06348679214715958,0.0,0.15054839849472046,0.08706160634756088,0.07590184360742569,0.14756155014038086
0.25,0.2,0.01,0.00668740304976422,3,-0.04949422925710678,0.0,0.14365245401859283,0.09415822476148605,0.06674016267061234,0.1861720085144043
0.25,0.2,0.01,0.00668740304976422,4,-0.0609876811504364,0.0,0.15742692351341248,0.09643924236297607,0.07077564299106598,0.22486114501953125
0.5,0.2,0.01,0.00447213595499958,0,-0.04971403628587723,0.0,0.14282096922397614,0.09310693293809891,0.11063050478696823,0.2135477066040039
0.5,0.2,0.01,0.00447213595499958,1,-0.05365254729986191,0.0,0.14401620626449585,0.09036365896463394,0.11114240437746048,0.22769689559936523
0.5,0.2,0.01,0.00447213595499958,2,-0.059149861335754395,0.0,0.15054839849472046,0.09139853715896606,0.11719004809856415,0.2372117042541504
0.5,0.2,0.01,0.00447213595499958,3,-0.047310277819633484,0.0,0.14365245401859283,0.09634217619895935,0.10245508700609207,0.23189759254455566
0.5,0.2,0.01,0.00447213595499958,4,-0.05659501999616623,0.0,0.15742692351341248,0.10083190351724625,0.11040817946195602,0.23768377304077148
0.75,0.2,0.01,0.0029906975624424416,0,-0.04256473481655121,0.0,0.14282096922397614,0.10025623440742493,0.15015122294425964,0.23679804801940918
0.75,0.2,0.01,0.0029906975624424416,1,-0.04536263644695282,0.0,0.14401620626449585,0.09865356981754303,0.15047761797904968,0.2534160614013672
0.75,0.2,0.01,0.0029906975624424416,2,-0.049727849662303925,0.0,0.15054839849472046,0.10082054883241653,0.15834589302539825,0.24184942245483398
0.75,0.2,0.01,0.0029906975624424416,3,-0.040346115827560425,0.0,0.14365245401859283,0.10330633819103241,0.13791917264461517,0.19573616981506348
0.75,0.2,0.01,0.0029906975624424416,4,-0.047513797879219055,0.0,0.15742692351341248,0.10991312563419342,0.15016864240169525,0.22678756713867188
1.0,0.2,0.01,0.002,0,-0.03367156535387039,0.0,0.14282096922397614,0.10914940387010574,0.18510986864566803,0.25084567070007324
1.0,0.2,0.01,0.002,1,-0.03559178113937378,0.0,0.14401620626449585,0.10842442512512207,0.18511594831943512,0.20924854278564453
1.0,0.2,0.01,0.002,2,-0.038886718451976776,0.0,0.15054839849472046,0.11166168004274368,0.1945866346359253,0.18167710304260254
1.0,0.2,0.01,0.002,3,-0.03181830048561096,0.0,0.14365245401859283,0.11183415353298187,0.1690755933523178,0.2268838882446289
1.0,0.2,0.01,0.002,4,-0.03713930398225784,0.0,0.15742692351341248,0.12028761953115463,0.18532045185565948,0.23106861114501953
1.5,0.2,0.01,0.000894427190999916,0,-0.018215112388134003,0.0,0.14282096922397614,0.12460585683584213,0.23494771122932434,0.2481062412261963
1.5,0.2,0.01,0.000894427190999916,1,-0.019081830978393555,0.0,0.14401620626449585,0.1249343752861023,0.23429468274116516,0.20228266716003418
1.5,0.2,0.01,0.000894427190999916,2,-0.020778194069862366,0.0,0.15054839849472046,0.1297702044248581,0.24603672325611115,0.24114441871643066
1.5,0.2,0.01,0.000894427190999916,3,-0.01714693009853363,0.0,0.14365245401859283,0.1265055239200592,0.21322709321975708,0.23641538619995117
1.5,0.2,0.01,0.000894427190999916,4,-0.019843384623527527,0.0,0.15742692351341248,0.13758353888988495,0.23538510501384735,0.23246479034423828
2.0,0.2,0.01,0.0004000000000000001,0,-0.008878916501998901,0.0,0.14282096922397614,0.13394205272197723,0.2618170976638794,0.2447049617767334
2.0,0.2,0.01,0.0004000000000000001,1,-0.009264662861824036,0.0,0.14401620626449585,0.13475154340267181,0.2607260048389435,0.21414470672607422
2.0,0.2,0.01,0.0004000000000000001,2,-0.010074108839035034,0.0,0.15054839849472046,0.14047428965568542,0.2736855745315552,0.20718908309936523
2.0,0.2,0.01,0.0004000000000000001,3,-0.00834287703037262,0.0,0.14365245401859283,0.13530957698822021,0.23692432045936584,0.2290973663330078
2.0,0.2,0.01,0.0004000000000000001,4,-0.009621888399124146,0.0,0.15742692351341248,0.14780503511428833,0.26235002279281616,0.20517635345458984
0.0,0.2,0.05,0.05,0,0.1535615556058474,0.0,0.0005207724752835929,0.15408232808113098,6.759425741620362e-05,0.17444801330566406
0.0,0.2,0.05,0.05,1,0.15040979234618135,0.0,0.00044594259816221893,0.15085573494434357,6.267657590797171e-05,0.1984865665435791
0.0,0.2,0.05,0.05,2,0.15081250976072624,0.0,0.00048498500837013125,0.15129749476909637,7.928921695565805e-05,0.2175445556640625
0.0,0.2,0.05,0.05,3,0.1564607210457325,0.0,0.0003858022391796112,0.1568465232849121,6.944962660782039e-05,0.16398382186889648
0.0,0.2,0.05,0.05,4,0.14984759426442906,0.0,0.0005137648549862206,0.15036135911941528,6.571371341124177e-05,0.19637846946716309
0.25,0.2,0.05,0.0334370152488211,0,0.1424914233502932,0.0,0.0005207724752835929,0.14301219582557678,0.0005518381367437541,0.184295654296875
0.25,0.2,0.05,0.0334370152488211,1,0.138925392908277,0.0,0.00044594259816221893,0.1393713355064392,0.0005460203974507749,0.1777021884918213
0.25,0.2,0.05,0.0334370152488211,2,0.13876016746507958,0.0,0.00048498500837013125,0.1392451524734497,0.0006334147183224559,0.1933150291442871
0.25,0.2,0.05,0.0334370152488211,3,0.14426888898015022,0.0,0.0003858022391796112,0.14465469121932983,0.0005917066591791809,0.21066713333129883
0.25,0.2,0.05,0.0334370152488211,4,0.1386974129709415,0.0,0.0005137648549862206,0.13921117782592773,0.0005506830639205873,0.2080996036529541
0.5,0.2,0.05,0.022360679774997897,0,0.12178486661287025,0.0,0.0005207724752835929,0.12230563908815384,0.002647572197020054,0.18959522247314453
0.5,0.2,0.05,0.022360679774997897,1,0.11757753489655443,0.0,0.00044594259816221893,0.11802347749471664,0.0027253408916294575,0.20203137397766113
0.5,0.2,0.05,0.022360679774997897,2,0.11692273180233315,0.0,0.00048498500837013125,0.11740771681070328,0.002968844957649708,0.18035221099853516
0.5,0.2,0.05,0.022360679774997897,3,0.12188363447785378,0.0,0.0003858022391796112,0.12226943671703339,0.0028551474679261446,0.18739986419677734
0.5,0.2,0.05,0.022360679774997897,4,0.11801092809764668,0.0,0.0005137648549862206,0.1185246929526329,0.0026736019644886255,0.20069432258605957
0.75,0.2,0.05,0.014953487812212209,0,0.09353088663192466,0.0,0.0005207724752835929,0.09405165910720825,0.008623306639492512,0.18560361862182617
0.75,0.2,0.05,0.014953487812212209,1,0.08909105954808183,0.0,0.00044594259816221893,0.08953700214624405,0.008977110497653484,0.1812744140625
0.75,0.2,0.05,0.014953487812212209,2,0.08819399337517098,0.0,0.00048498500837013125,0.08867897838354111,0.009401815012097359,0.19843268394470215
0.75,0.2,0.05,0.014953487812212209,3,0.09219606593251228,0.0,0.0003858022391796112,0.0925818681716919,0.009177226573228836,0.19907426834106445
0.75,0.2,0.05,0.014953487812212209,4,0.09015791601268575,0.0,0.0005137648549862206,0.09067168086767197,0.008716738782823086,0.16805171966552734
1.0,0.2,0.05,0.010000000000000002,0,0.06407828704686835,0.0,0.0005207724752835929,0.06459905952215195,0.02074163220822811,0.2460634708404541
1.0,0.2,0.05,0.010000000000000002,1,0.06018288878840394,0.0,0.00044594259816221893,0.06062883138656616,0.0214375052601099,0.18269610404968262
1.0,0.2,0.05,0.010000000000000002,2,0.05930185626493767,0.0,0.00048498500837013125,0.0597868412733078,0.021935345605015755,0.18369221687316895
1.0,0.2,0.05,0.010000000000000002,3,0.062177788466215134,0.0,0.0003858022391796112,0.06256359070539474,0.021614262834191322,0.20608186721801758
1.0,0.2,0.05,0.010000000000000002,4,0.06148422620026395,0.0,0.0005137648549862206,0.06199799105525017,0.020877614617347717,0.22269248962402344
1.5,0.2,0.05,0.004472135954999581,0,0.022337623697239906,0.0,0.0005207724752835929,0.0228583961725235,0.061479602009058,0.20792889595031738
1.5,0.2,0.05,0.004472135954999581,1,0.020512721297563985,0.0,0.00044594259816221893,0.020958663895726204,0.06180122122168541,0.20522046089172363
1.5,0.2,0.05,0.004472135954999581,2,0.020023991644848138,0.0,0.00048498500837013125,0.02050897665321827,0.06178608909249306,0.1854565143585205
1.5,0.2,0.05,0.004472135954999581,3,0.02115367352962494,0.0,0.0003858022391796112,0.02153947576880455,0.06156684085726738,0.1804969310760498
1.5,0.2,0.05,0.004472135954999581,4,0.021337532612960786,0.0,0.0005137648549862206,0.021851297467947006,0.06127062812447548,0.17890667915344238
2.0,0.2,0.05,0.0020000000000000005,0,0.005956734356004745,0.0,0.0005207724752835929,0.006477506831288338,0.10415427386760712,0.1817634105682373
2.0,0.2,0.05,0.0020000000000000005,1,0.005395106767537072,0.0,0.00044594259816221893,0.005841049365699291,0.10266297310590744,0.18287229537963867
2.0,0.2,0.05,0.0020000000000000005,2,0.005210776638705283,0.0,0.00048498500837013125,0.005695761647075415,0.10161378234624863,0.22511744499206543
2.0,0.2,0.05,0.0020000000000000005,3,0.0055798799730837345,0.0,0.0003858022391796112,0.005965682212263346,0.10179910063743591,0.17987489700317383
2.0,0.2,0.05,0.0020000000000000005,4,0.005707927222829312,0.0,0.0005137648549862206,0.006221692077815533,0.10318222641944885,0.1811230182647705
0.0,0.2,0.1,0.1,0,0.15895488358933108,0.0,2.210364755228511e-06,0.1589570939540863,2.3643929125682916e-07,0.17052721977233887
0.0,0.2,0.1,0.1,1,0.15577542931850985,0.0,1.4290112630988006e-06,0.15577685832977295,1.9552076935269724e-07,0.17424368858337402
0.0,0.2,0.1,0.1,2,0.15674415010232678,0.0,1.656234076108376e-06,0.1567458063364029,2.941356456176436e-07,0.17931795120239258
0.0,0.2,0.1,0.1,3,0.16217766149532054,0.0,1.152915842794755e-06,0.16217881441116333,1.9657646532778017e-07,0.21606969833374023
0.0,0.2,0.1,0.1,4,0.15521198840031047,0.0,1.725245624584204e-06,0.15521371364593506,2.1895503721225396e-07,0.2011866569519043
0.25,0.2,0.1,0.0668740304976422,0,0.15748041368919985,0.0,2.210364755228511e-06,0.15748262405395508,9.249126378563233e-06,0.1705939769744873
0.25,0.2,0.1,0.0668740304976422,1,0.15431425125416354,0.0,1.4290112630988006e-06,0.15431568026542664,8.33055491966661e-06,0.19560575485229492
0.25,0.2,0.1,0.0668740304976422,2,0.15507687407750836,0.0,1.656234076108376e-06,0.15507853031158447,1.1134709893667605e-05,0.19043421745300293
0.25,0.2,0.1,0.0668740304976422,3,0.1605838332940266,0.0,1.152915842794755e-06,0.16058498620986938,9.015723662741948e-06,0.1705327033996582
0.25,0.2,0.1,0.0668740304976422,4,0.15375656218418499,0.0,1.725245624584204e-06,0.15375828742980957,8.948844879341777e-06,0.2001800537109375
0.5,0.2,0.1,0.044721359549995794,0,0.15186568595368044,0.0,2.210364755228511e-06,0.15186789631843567,0.00012897523993160576,0.2066636085510254
0.5,0.2,0.1,0.044721359549995794,1,0.14854706973846987,0.0,1.4290112630988006e-06,0.14854849874973297,0.00012406909081619233,0.23297929763793945
0.5,0.2,0.1,0.044721359549995794,2,0.14885999041814557,0.0,1.656234076108376e-06,0.14886164665222168,0.0001507929846411571,0.19319701194763184
0.5,0.2,0.1,0.044721359549995794,3,0.15438131435405467,0.0,1.152915842794755e-06,0.15438246726989746,0.00013591756578534842,0.22760725021362305
0.5,0.2,0.1,0.044721359549995794,4,0.148096743534893,0.0,1.725245624584204e-06,0.14809846878051758,0.00012853066436946392,0.16548657417297363
0.75,0.2,0.1,0.029906975624424417,0,0.1381747672696747,0.0,2.210364755228511e-06,0.13817697763442993,0.0008951836498454213,0.2563748359680176
0.75,0.2,0.1,0.029906975624424417,1,0.13433981091793612,0.0,1.4290112630988006e-06,0.13434123992919922,0.0009061151649802923,0.21381068229675293
0.75,0.2,0.1,0.029906975624424417,2,0.13410721498746625,0.0,1.656234076108376e-06,0.13410887122154236,0.0010197469964623451,0.20866656303405762
0.75,0.2,0.1,0.029906975624424417,3,0.13935359759818766,0.0,1.152915842794755e-06,0.13935475051403046,0.0009677025955170393,0.21307134628295898
0.75,0.2,0.1,0.029906975624424417,4,0.13429977328667064,0.0,1.725245624584204e-06,0.13430149853229523,0.0009074285626411438,0.1799459457397461
1.0,0.2,0.1,0.020000000000000004,0,0.11481668300825731,0.0,2.210364755228511e-06,0.11481889337301254,0.0038263159804046154,0.20290231704711914
1.0,0.2,0.1,0.020000000000000004,1,0.1104034051400049,0.0,1.4290112630988006e-06,0.110404834151268,0.003976432606577873,0.21408605575561523
1.0,0.2,0.1,0.020000000000000004,2,0.10977148789186231,0.0,1.656234076108376e-06,0.10977314412593842,0.004241365008056164,0.21278047561645508
1.0,0.2,0.1,0.020000000000000004,3,0.1142908130456135,0.0,1.152915842794755e-06,0.1142919659614563,0.004122071899473667,0.22513794898986816
1.0,0.2,0.1,0.020000000000000004,4,0.11102758676895519,0.0,1.725245624584204e-06,0.11102931201457977,0.0038972951006144285,0.23906779289245605
1.5,0.2,0.1,0.008944271909999161,0,0.05665802083808558,0.0,2.210364755228511e-06,0.056660231202840805,0.025519121438264847,0.22546863555908203
1.5,0.2,0.1,0.008944271909999161,1,0.053005730370841775,0.0,1.4290112630988006e-06,0.053007159382104874,0.02627914398908615,0.24204659461975098
1.5,0.2,0.1,0.008944271909999161,2,0.05230925756711713,0.0,1.656234076108376e-06,0.05231091380119324,0.026603450998663902,0.17467784881591797
1.5,0.2,0.1,0.008944271909999161,3,0.05462021573077891,0.0,1.152915842794755e-06,0.054621368646621704,0.02642376348376274,0.24209141731262207
1.5,0.2,0.1,0.008944271909999161,4,0.054217353026956516,0.0,1.725245624584204e-06,0.0542190782725811,0.025756629183888435,0.1633749008178711
2.0,0.2,0.1,0.004000000000000001,0,0.018761370926085874,0.0,2.210364755228511e-06,0.018763581290841103,0.06854050606489182,0.17380499839782715
2.0,0.2,0.1,0.004000000000000001,1,0.017195867012105737,0.0,1.4290112630988006e-06,0.017197296023368835,0.06858565658330917,0.19781184196472168
2.0,0.2,0.1,0.004000000000000001,2,0.01686989295501462,0.0,1.656234076108376e-06,0.01687154918909073,0.06809039413928986,0.22483396530151367
2.0,0.2,0.1,0.004000000000000001,3,0.017640482695810533,0.0,1.152915842794755e-06,0.017641635611653328,0.06831943988800049,0.18170928955078125
2.0,0.2,0.1,0.004000000000000001,4,0.017836890678495365,0.0,1.725245624584204e-06,0.01783861592411995,0.06847143918275833,0.20338916778564453
0.0,0.4,0.01,0.01,0,-0.0641835406422615,0.0,0.14282096922397614,0.07863742858171463,0.03458508476614952,0.17449450492858887
0.0,0.4,0.01,0.01,1,-0.06930341571569443,0.0,0.14401620626449585,0.07471279054880142,0.0346376933157444,0.19418978691101074
0.0,0.4,0.01,0.01,2,-0.07665569335222244,0.0,0.15054839849472046,0.07389270514249802,0.03726735711097717,0.20738959312438965
0.0,0.4,0.01,0.01,3,-0.06308703869581223,0.0,0.14365245401859283,0.08056541532278061,0.03323547542095184,0.27149415016174316
0.0,0.4,0.01,0.01,4,-0.07585066556930542,0.0,0.15742692351341248,0.08157625794410706,0.03449506685137749,0.19583916664123535
0.25,0.4,0.01,0.007952707287670507,0,-0.06525985151529312,0.0,0.14282096922397614,0.07756111770868301,0.0506039522588253,0.1890723705291748
0.25,0.4,0.01,0.007952707287670507,1,-0.07000944018363953,0.0,0.14401620626449585,0.07400676608085632,0.05085441842675209,0.24454665184020996
0.25,0.4,0.01,0.007952707287670507,2,-0.07702212780714035,0.0,0.15054839849472046,0.07352627068758011,0.05435573682188988,0.19889044761657715
0.25,0.4,0.01,0.007952707287670507,3,-0.06389068067073822,0.0,0.14365245401859283,0.07976177334785461,0.04815507307648659,0.2345733642578125
0.25,0.4,0.01,0.007952707287670507,4,-0.07561074942350388,0.0,0.15742692351341248,0.0818161740899086,0.05075167864561081,0.20001864433288574
0.5,0.4,0.01,0.006324555320336759,0,-0.06384050101041794,0.0,0.14282096922397614,0.0789804682135582,0.06923931837081909,0.21083283424377441
0.5,0.4,0.01,0.006324555320336759,1,-0.06809311360120773,0.0,0.14401620626449585,0.07592309266328812,0.06968796998262405,0.20315766334533691
0.5,0.4,0.01,0.006324555320336759,2,-0.07462655752897263,0.0,0.15054839849472046,0.07592184096574783,0.07417409121990204,0.19810795783996582
0.5,0.4,0.01,0.006324555320336759,3,-0.06226382404565811,0.0,0.14365245401859283,0.08138862997293472,0.06535856425762177,0.22935748100280762
0.5,0.4,0.01,0.006324555320336759,4,-0.07286762446165085,0.0,0.15742692351341248,0.08455929905176163,0.06972242146730423,0.23264861106872559
0.75,0.4,0.01,0.005029733718731741,0,-0.06031744182109833,0.0,0.14282096922397614,0.08250352740287781,0.08948832750320435,0.2170116901397705
0.75,0.4,0.01,0.005029733718731741,1,-0.0640174001455307,0.0,0.14401620626449585,0.07999880611896515,0.09011048078536987,0.17942023277282715
0.75,0.4,0.01,0.005029733718731741,2,-0.06996496021747589,0.0,0.15054839849472046,0.08058343827724457,0.09565235674381256,0.25556325912475586
0.75,0.4,0.01,0.005029733718731741,3,-0.058626316487789154,0.0,0.14365245401859283,0.08502613753080368,0.08392193913459778,0.22371435165405273
0.75,0.4,0.01,0.005029733718731741,4,-0.06806773692369461,0.0,0.15742692351341248,0.08935918658971786,0.0903739184141159,0.23086047172546387
1.0,0.4,0.01,0.004,0,-0.055285319685935974,0.0,0.14282096922397614,0.08753564953804016,0.11025714129209518,0.25383448600769043
1.0,0.4,0.01,0.004,1,-0.05843297392129898,0.0,0.14401620626449585,0.08558323234319687,0.11101553589105606,0.21026921272277832
1.0,0.4,0.01,0.004,2,-0.06373134255409241,0.0,0.15054839849472046,0.08681705594062805,0.11763360351324081,0.2105097770690918
1.0,0.4,0.01,0.004,3,-0.053575366735458374,0.0,0.14365245401859283,0.09007708728313446,0.10285798460245132,0.16893529891967773
1.0,0.4,0.01,0.004,4,-0.06184839457273483,0.0,0.15742692351341248,0.09557852894067764,0.11157707870006561,0.2171170711517334
1.5,0.4,0.01,0.002529822128134704,0,-0.043153442442417145,0.0,0.14282096922397614,0.09966752678155899,0.14962968230247498,0.2383112907409668
1.5,0.4,0.01,0.002529822128134704,1,-0.04532627761363983,0.0,0.14401620626449585,0.09868992865085602,0.1505473405122757,0.1965489387512207
1.5,0.4,0.01,0.002529822128134704,2,-0.04930385947227478,0.0,0.15054839849472046,0.10124453902244568,0.15919727087020874,0.22872614860534668
1.5,0.4,0.01,0.002529822128134704,3,-0.04162534326314926,0.0,0.14365245401859283,0.10202711075544357,0.13854335248470306,0.20079374313354492
1.5,0.4,0.01,0.002529822128134704,4,-0.047705210745334625,0.0,0.15742692351341248,0.10972171276807785,0.15179675817489624,0.2076127529144287
2.0,0.4,0.01,0.0016000000000000003,0,-0.03132614493370056,0.0,0.14282096922397614,0.11149482429027557,0.18233250081539154,0.2639882564544678
2.0,0.4,0.01,0.0016000000000000003,1,-0.032768309116363525,0.0,0.14401620626449585,0.11124789714813232,0.18330062925815582,0.604945182800293
2.0,0.4,0.01,0.0016000000000000003,2,-0.03558799624443054,0.0,0.15054839849472046,0.11496040225028992,0.19363278150558472,0.31121110916137695
2.0,0.4,0.01,0.0016000000000000003,3,-0.03012164682149887,0.0,0.14365245401859283,0.11353080719709396,0.1680235117673874,0.23653459548950195
2.0,0.4,0.01,0.0016000000000000003,4,-0.03438153862953186,0.0,0.15742692351341248,0.12304538488388062,0.1852058470249176,0.2970561981201172
0.0,0.4,0.05,0.05,0,0.11522641853662208,0.0,0.0005207724752835929,0.11574719101190567,5.0762064347509295e-05,0.25475072860717773
0.0,0.4,0.05,0.05,1,0.11281543670338579,0.0,0.00044594259816221893,0.113261379301548,4.6041976020205766e-05,0.23157429695129395
0.0,0.4,0.05,0.05,2,0.11296740482794121,0.0,0.00048498500837013125,0.11345238983631134,5.887098450330086e-05,0.2694711685180664
0.0,0.4,0.05,0.05,3,0.11683013662695885,0.0,0.0003858022391796112,0.11721593886613846,5.197633436182514e-05,0.22593426704406738
0.0,0.4,0.05,0.05,4,0.11203265673248097,0.0,0.0005137648549862206,0.1125464215874672,4.9243593821302056e-05,0.24134397506713867
0.25,0.4,0.05,0.03976353643835254,0,0.1113174490747042,0.0,0.0005207724752835929,0.11183822154998779,0.00018128490773960948,0.23793983459472656
0.25,0.4,0.05,0.03976353643835254,1,0.10882236508768983,0.0,0.00044594259816221893,0.10926830768585205,0.00017118385585490614,0.26883840560913086
0.25,0.4,0.05,0.03976353643835254,2,0.10870459984289482,0.0,0.00048498500837013125,0.10918958485126495,0.00020817539189010859,0.2719419002532959
0.25,0.4,0.05,0.03976353643835254,3,0.11254241690039635,0.0,0.0003858022391796112,0.11292821913957596,0.0001913861051434651,0.189774751663208
0.25,0.4,0.05,0.03976353643835254,4,0.10813733673421666,0.0,0.0005137648549862206,0.10865110158920288,0.00017825026588980108,0.19969725608825684
0.5,0.4,0.05,0.0316227766016838,0,0.10518320725532249,0.0,0.0005207724752835929,0.10570397973060608,0.0005300974589772522,0.22906494140625
0.5,0.4,0.05,0.0316227766016838,1,0.10252004562062211,0.0,0.00044594259816221893,0.10296598821878433,0.0005182806635275483,0.18487238883972168
0.5,0.4,0.05,0.0316227766016838,2,0.10211727331625298,0.0,0.00048498500837013125,0.10260225832462311,0.0006026442279107869,0.22729277610778809
0.5,0.4,0.05,0.0316227766016838,3,0.10585707053542137,0.0,0.0003858022391796112,0.10624287277460098,0.0005682441405951977,0.2625143527984619
0.5,0.4,0.05,0.0316227766016838,4,0.1020330089959316,0.0,0.0005137648549862206,0.10254677385091782,0.0005264419596642256,0.23999691009521484
0.75,0.4,0.05,0.025148668593658708,0,0.09661456273170188,0.0,0.0005207724752835929,0.09713533520698547,0.001317403744906187,0.23960423469543457
0.75,0.4,0.05,0.025148668593658708,1,0.09373833684367128,0.0,0.00044594259816221893,0.0941842794418335,0.001322734635323286,0.22557878494262695
0.75,0.4,0.05,0.025148668593658708,2,0.09308044175850227,0.0,0.00048498500837013125,0.0935654267668724,0.0014810329303145409,0.21151065826416016
0.75,0.4,0.05,0.025148668593658708,3,0.09662764891982079,0.0,0.0003858022391796112,0.0970134511590004,0.0014185986947268248,0.18305754661560059
0.75,0.4,0.05,0.025148668593658708,4,0.09354385471669957,0.0,0.0005137648549862206,0.09405761957168579,0.0013167939614504576,0.20848727226257324
1.0,0.4,0.05,0.020000000000000004,0,0.08584493474336341,0.0,0.0005207724752835929,0.086365707218647,0.002859327709302306,0.2164909839630127
1.0,0.4,0.05,0.020000000000000004,1,0.08279414175194688,0.0,0.00044594259816221893,0.0832400843501091,0.002920562168583274,0.18853235244750977
1.0,0.4,0.05,0.020000000000000004,2,0.08194664429174736,0.0,0.00048498500837013125,0.08243162930011749,0.003172879572957754,0.2131633758544922
1.0,0.4,0.05,0.020000000000000004,3,0.08520199730992317,0.0,0.0003858022391796112,0.08558779954910278,0.003070431062951684,0.15430593490600586
1.0,0.4,0.05,0.020000000000000004,4,0.0829362470540218,0.0,0.0005137648549862206,0.08345001190900803,0.002867851173505187,0.20375633239746094
1.5,0.4,0.05,0.01264911064067352,0,0.060709365468937904,0.0,0.0005207724752835929,0.0612301379442215,0.009652051143348217,0.17921710014343262
1.5,0.4,0.05,0.01264911064067352,1,0.05772997884196229,0.0,0.00044594259816221893,0.05817592144012451,0.00995639432221651,0.19348621368408203
1.5,0.4,0.05,0.01264911064067352,2,0.05675799708114937,0.0,0.00048498500837013125,0.0572429820895195,0.010382610373198986,0.21665740013122559
1.5,0.4,0.05,0.01264911064067352,3,0.0592135526239872,0.0,0.0003858022391796112,0.05959935486316681,0.010178755968809128,0.16729044914245605
1.5,0.4,0.05,0.01264911064067352,4,0.05840065813390538,0.0,0.0005137648549862206,0.0589144229888916,0.009688555262982845,0.20393967628479004
2.0,0.4,0.05,0.008000000000000002,0,0.037133858364541084,0.0,0.0005207724752835929,0.037654630839824677,0.022765226662158966,0.2240290641784668
2.0,0.4,0.05,0.008000000000000002,1,0.03482405541581102,0.0,0.00044594259816221893,0.035269998013973236,0.02328423224389553,0.2182903289794922
2.0,0.4,0.05,0.008000000000000002,2,0.03400793607579544,0.0,0.00048498500837013125,0.03449292108416557,0.023709634318947792,0.2280409336090088
2.0,0.4,0.05,0.008000000000000002,3,0.03561859950423241,0.0,0.0003858022391796112,0.03600440174341202,0.023440340533852577,0.1632380485534668
2.0,0.4,0.05,0.008000000000000002,4,0.03560897073475644,0.0,0.0005137648549862206,0.03612273558974266,0.022786946967244148,0.19765019416809082
0.0,0.4,0.1,0.1,0,0.11940898246962206,0.0,2.210364755228511e-06,0.11941119283437729,1.7577153244019428e-07,0.19582653045654297
0.0,0.4,0.1,0.1,1,0.11689579636868075,0.0,1.4290112630988006e-06,0.11689722537994385,1.4449848606545856e-07,0.1738874912261963
0.0,0.4,0.1,0.1,2,0.11751565116662732,0.0,1.656234076108376e-06,0.11751730740070343,2.1489294965704175e-07,0.2232646942138672
0.0,0.4,0.1,0.1,3,0.12119784398566935,0.0,1.152915842794755e-06,0.12119899690151215,1.461320948692446e-07,0.2264113426208496
0.0,0.4,0.1,0.1,4,0.11615697623381038,0.0,1.725245624584204e-06,0.11615870147943497,1.6576501593590365e-07,0.22085928916931152
0.25,0.4,0.1,0.07952707287670507,0,0.11899898446995394,0.0,2.210364755228511e-06,0.11900119483470917,1.653649860600126e-06,0.2064812183380127
0.25,0.4,0.1,0.07952707287670507,1,0.11650231630619601,0.0,1.4290112630988006e-06,0.1165037453174591,1.425673417543294e-06,0.16935944557189941
0.25,0.4,0.1,0.07952707287670507,2,0.11705329048652402,0.0,1.656234076108376e-06,0.11705494672060013,1.9868391518684803e-06,0.19776701927185059
0.25,0.4,0.1,0.07952707287670507,3,0.1207629610468075,0.0,1.152915842794755e-06,0.1207641139626503,1.5203177099465393e-06,0.1992490291595459
0.25,0.4,0.1,0.07952707287670507,4,0.11575869054684063,0.0,1.725245624584204e-06,0.11576041579246521,1.5915159110591048e-06,0.20939111709594727
0.5,0.4,0.1,0.0632455532033676,0,0.11797000713545458,0.0,2.210364755228511e-06,0.11797221750020981,1.0497777111595497e-05,0.18818378448486328
0.5,0.4,0.1,0.0632455532033676,1,0.11548691392954424,0.0,1.4290112630988006e-06,0.11548834294080734,9.407913239556365e-06,0.1896824836730957
0.5,0.4,0.1,0.0632455532033676,2,0.1159050591589903,0.0,1.656234076108376e-06,0.1159067153930664,1.2409102055244148e-05,0.19017672538757324
0.5,0.4,0.1,0.0632455532033676,3,0.11964550061713908,0.0,1.152915842794755e-06,0.11964665353298187,1.03575785033172e-05,0.2130260467529297
0.5,0.4,0.1,0.0632455532033676,4,0.11474191726335903,0.0,1.725245624584204e-06,0.11474364250898361,1.025942856358597e-05,0.2037973403930664
0.75,0.4,0.1,0.050297337187317416,0,0.11581620074707644,0.0,2.210364755228511e-06,0.11581841111183167,4.8657686420483515e-05,0.20351099967956543
0.75,0.4,0.1,0.050297337187317416,1,0.11331487597044543,0.0,1.4290112630988006e-06,0.11331630498170853,4.5202134060673416e-05,0.22025823593139648
0.75,0.4,0.1,0.050297337187317416,2,0.11352910625953427,0.0,1.656234076108376e-06,0.11353076249361038,5.6684242736082524e-05,0.2014920711517334
0.75,0.4,0.1,0.050297337187317416,3,0.11728246702443812,0.0,1.152915842794755e-06,0.11728361994028091,5.029025851399638e-05,0.21056032180786133
0.75,0.4,0.1,0.050297337187317416,4,0.11259442896732708,0.0,1.725245624584204e-06,0.11259615421295166,4.8148194764507934e-05,0.19921588897705078
1.0,0.4,0.1,0.04000000000000001,0,0.11194531120258944,0.0,2.210364755228511e-06,0.11194752156734467,0.00017541013949085027,0.2023169994354248
1.0,0.4,0.1,0.04000000000000001,1,0.10935799182470873,0.0,1.4290112630988006e-06,0.10935942083597183,0.0001685515308054164,0.18056344985961914
1.0,0.4,0.1,0.04000000000000001,2,0.10931575077790967,0.0,1.656234076108376e-06,0.10931740701198578,0.00020165443129371852,0.17461800575256348
1.0,0.4,0.1,0.04000000000000001,3,0.11303407891284678,0.0,1.152915842794755e-06,0.11303523182868958,0.00018628773977980018,0.18628716468811035
1.0,0.4,0.1,0.04000000000000001,4,0.10872596086153408,0.0,1.725245624584204e-06,0.10872768610715866,0.0001752644602674991,0.21151375770568848
1.5,0.4,0.1,0.02529822128134704,0,0.09729937709767,0.0,2.210364755228511e-06,0.09730158746242523,0.0012923004105687141,0.1966099739074707
1.5,0.4,0.1,0.02529822128134704,1,0.09434054941948489,0.0,1.4290112630988006e-06,0.09434197843074799,0.0013078483752906322,0.17296528816223145
1.5,0.4,0.1,0.02529822128134704,2,0.09378839063663236,0.0,1.656234076108376e-06,0.09379004687070847,0.001447496935725212,0.19050264358520508
1.5,0.4,0.1,0.02529822128134704,3,0.09718024178039286,0.0,1.152915842794755e-06,0.09718139469623566,0.0013939561322331429,0.18567967414855957
1.5,0.4,0.1,0.02529822128134704,4,0.0941670793403091,0.0,1.725245624584204e-06,0.09416880458593369,0.0013048313558101654,0.20254778861999512
2.0,0.4,0.1,0.016000000000000004,0,0.07419874019819872,0.0,2.210364755228511e-06,0.07420095056295395,0.005470597185194492,0.1860518455505371
2.0,0.4,0.1,0.016000000000000004,1,0.0710376665097101,0.0,1.4290112630988006e-06,0.0710390955209732,0.005651011597365141,0.18907380104064941
2.0,0.4,0.1,0.016000000000000004,2,0.07021475362796537,0.0,1.656234076108376e-06,0.07021640986204147,0.005944438278675079,0.19639301300048828
2.0,0.4,0.1,0.016000000000000004,3,0.07289697422277186,0.0,1.152915842794755e-06,0.07289812713861465,0.005829553119838238,0.19603800773620605
2.0,0.4,0.1,0.016000000000000004,4,0.07147243947872539,0.0,1.725245624584204e-06,0.07147416472434998,0.005528783425688744,0.21916961669921875
0.0,0.6,0.01,0.01,0,-0.08267702534794807,0.0,0.14282096922397614,0.06014394387602806,0.030996499583125114,0.2206895351409912
0.0,0.6,0.01,0.01,1,-0.08670797944068909,0.0,0.14401620626449585,0.05730822682380676,0.030894199386239052,0.1998002529144287
0.0,0.6,0.01,0.01,2,-0.094003826379776,0.0,0.15054839849472046,0.05654457211494446,0.03338807448744774,0.19506525993347168
0.0,0.6,0.01,0.01,3,-0.08224000781774521,0.0,0.14365245401859283,0.061412446200847626,0.03005365841090679,0.20359349250793457
0.0,0.6,0.01,0.01,4,-0.09439069032669067,0.0,0.15742692351341248,0.0630362331867218,0.0314333438873291,0.2272202968597412
0.25,0.6,0.01,0.008801117367933934,0,-0.08157926425337791,0.0,0.14282096922397614,0.06124170497059822,0.038659095764160156,0.19090485572814941
0.25,0.6,0.01,0.008801117367933934,1,-0.08550352975726128,0.0,0.14401620626449585,0.05851267650723457,0.038656558841466904,0.20029544830322266
0.25,0.6,0.01,0.008801117367933934,2,-0.09262580797076225,0.0,0.15054839849472046,0.057922590523958206,0.0416099950671196,0.18139147758483887
0.25,0.6,0.01,0.008801117367933934,3,-0.08098394423723221,0.0,0.14365245401859283,0.06266850978136063,0.037273380905389786,0.19625115394592285
0.25,0.6,0.01,0.008801117367933934,4,-0.09263190627098083,0.0,0.15742692351341248,0.06479501724243164,0.039327945560216904,0.17869782447814941
0.5,0.6,0.01,0.007745966692414835,0,-0.07979794591665268,0.0,0.14282096922397614,0.06302302330732346,0.047150444239377975,0.22507953643798828
0.5,0.6,0.01,0.007745966692414835,1,-0.08357613533735275,0.0,0.14401620626449585,0.0604400709271431,0.04726440832018852,0.17687225341796875
0.5,0.6,0.01,0.007745966692414835,2,-0.09047988802194595,0.0,0.15054839849472046,0.060068510472774506,0.05071863532066345,0.17949461936950684
0.5,0.6,0.01,0.007745966692414835,3,-0.07906068861484528,0.0,0.14365245401859283,0.06459176540374756,0.04523517191410065,0.20576047897338867
0.5,0.6,0.01,0.007745966692414835,4,-0.09017246961593628,0.0,0.15742692351341248,0.0672544538974762,0.048097528517246246,0.1852412223815918
0.75,0.6,0.01,0.006817316198804996,0,-0.07738366723060608,0.0,0.14282096922397614,0.06543730199337006,0.056340306997299194,0.20293450355529785
0.75,0.6,0.01,0.006817316198804996,1,-0.08098436892032623,0.0,0.14401620626449585,0.06303183734416962,0.0565837100148201,0.2185344696044922
0.75,0.6,0.01,0.006817316198804996,2,-0.08762823045253754,0.0,0.15054839849472046,0.06292016804218292,0.060574810951948166,0.20220446586608887
0.75,0.6,0.01,0.006817316198804996,3,-0.07652629166841507,0.0,0.14365245401859283,0.06712616235017776,0.053816474974155426,0.2170853614807129
0.75,0.6,0.01,0.006817316198804996,4,-0.08707152307033539,0.0,0.15742692351341248,0.07035540044307709,0.057607103139162064,0.21401572227478027
1.0,0.6,0.01,0.006,0,-0.07441354542970657,0.0,0.14282096922397614,0.06840742379426956,0.0660729706287384,0.20484685897827148
1.0,0.6,0.01,0.006,1,-0.07781361788511276,0.0,0.14401620626449585,0.06620258837938309,0.0664549320936203,0.21255898475646973
1.0,0.6,0.01,0.006,2,-0.08416157215833664,0.0,0.15054839849472046,0.06638682633638382,0.07101204991340637,0.20693182945251465
1.0,0.6,0.01,0.006,3,-0.07346102595329285,0.0,0.14365245401859283,0.07019142806529999,0.0628729835152626,0.1757967472076416
1.0,0.6,0.01,0.006,4,-0.08341482281684875,0.0,0.15742692351341248,0.07401210069656372,0.06769420206546783,0.17770743370056152
1.5,0.6,0.01,0.0046475800154489,0,-0.06719498336315155,0.0,0.14282096922397614,0.07562598586082458,0.08648641407489777,0.17474651336669922
1.5,0.6,0.01,0.0046475800154489,1,-0.07015500217676163,0.0,0.14401620626449585,0.07386120408773422,0.08715850859880447,0.2134253978729248
1.5,0.6,0.01,0.0046475800154489,2,-0.07583056390285492,0.0,0.15054839849472046,0.07471783459186554,0.0929013267159462,0.19455504417419434
1.5,0.6,0.01,0.0046475800154489,3,-0.06612997502088547,0.0,0.14365245401859283,0.07752247899770737,0.08178801834583282,0.17071104049682617
1.5,0.6,0.01,0.0046475800154489,4,-0.07485576719045639,0.0,0.15742692351341248,0.08257115632295609,0.08888799697160721,0.17293453216552734
2.0,0.6,0.01,0.0036,0,-0.05896893888711929,0.0,0.14282096922397614,0.08385203033685684,0.107060506939888,0.16370344161987305
2.0,0.6,0.01,0.0036,1,-0.06147903949022293,0.0,0.14401620626449585,0.08253716677427292,0.10802078992128372,0.19727778434753418
2.0,0.6,0.01,0.0036,2,-0.06642468273639679,0.0,0.15054839849472046,0.08412371575832367,0.11496174335479736,0.1548478603363037
2.0,0.6,0.01,0.0036,3,-0.057885244488716125,0.0,0.14365245401859283,0.08576720952987671,0.10077018290758133,0.20778608322143555
2.0,0.6,0.01,0.0036,4,-0.06537754833698273,0.0,0.15742692351341248,0.09204937517642975,0.11028224974870682,0.19074773788452148
0.0,0.6,0.05,0.05,0,0.07685338036390021,0.0,0.0005207724752835929,0.07737415283918381,3.420191933400929e-05,0.1890726089477539
0.0,0.6,0.05,0.05,1,0.07516872583073564,0.0,0.00044594259816221893,0.07561466842889786,2.9964628993184306e-05,0.18522930145263672
0.0,0.6,0.05,0.05,2,0.07520733337150887,0.0,0.00048498500837013125,0.075692318379879,3.8824440707685426e-05,0.19386911392211914
0.0,0.6,0.05,0.05,3,0.07742675766348839,0.0,0.0003858022391796112,0.077812559902668,3.460237348917872e-05,0.20734333992004395
0.0,0.6,0.05,0.05,4,0.07439730799524114,0.0,0.0005137648549862206,0.07491107285022736,3.2862812076928094e-05,0.1912846565246582
0.25,0.6,0.05,0.04400558683966967,0,0.07555645779939368,0.0,0.0005207724752835929,0.07607723027467728,7.14470079401508e-05,0.2375187873840332
0.25,0.6,0.05,0.04400558683966967,1,0.07387566266697831,0.0,0.00044594259816221893,0.07432160526514053,6.413910159608349e-05,0.1791365146636963
0.25,0.6,0.05,0.04400558683966967,2,0.0738044188474305,0.0,0.00048498500837013125,0.07428940385580063,8.085818262770772e-05,0.17436552047729492
0.25,0.6,0.05,0.04400558683966967,3,0.07602111622691154,0.0,0.0003858022391796112,0.07640691846609116,7.375939458142966e-05,0.16389203071594238
0.25,0.6,0.05,0.04400558683966967,4,0.07312454021302983,0.0,0.0005137648549862206,0.07363830506801605,6.912914250278845e-05,0.17406249046325684
0.5,0.6,0.05,0.038729833462074176,0,0.07383447961183265,0.0,0.0005207724752835929,0.07435525208711624,0.00013940916687715799,0.2004106044769287
0.5,0.6,0.05,0.038729833462074176,1,0.07214509395998903,0.0,0.00044594259816221893,0.07259103655815125,0.00012811727356165648,0.21030426025390625
0.5,0.6,0.05,0.038729833462074176,2,0.07195402245270088,0.0,0.00048498500837013125,0.07243900746107101,0.00015727792924735695,0.19916057586669922
0.5,0.6,0.05,0.038729833462074176,3,0.0741574577987194,0.0,0.0003858022391796112,0.07454326003789902,0.00014605287287849933,0.18568754196166992
0.5,0.6,0.05,0.038729833462074176,4,0.07143338507739827,0.0,0.0005137648549862206,0.07194714993238449,0.00013572043098974973,0.2065904140472412
0.75,0.6,0.05,0.03408658099402498,0,0.07163632736774161,0.0,0.0005207724752835929,0.07215709984302521,0.0002560626599006355,0.20966529846191406
0.75,0.6,0.05,0.03408658099402498,1,0.06992482839268632,0.0,0.00044594259816221893,0.07037077099084854,0.0002405312843620777,0.1695106029510498
0.75,0.6,0.05,0.03408658099402498,2,0.06960988353239372,0.0,0.00048498500837013125,0.07009486854076385,0.0002878943341784179,0.21144723892211914
0.75,0.6,0.05,0.03408658099402498,3,0.07178682461380959,0.0,0.0003858022391796112,0.0721726268529892,0.0002709859109017998,0.19752287864685059
0.75,0.6,0.05,0.03408658099402498,4,0.06927541381446645,0.0,0.0005137648549862206,0.06978917866945267,0.00025061704218387604,0.17446541786193848
1.0,0.6,0.05,0.03,0,0.06893202738137916,0.0,0.0005207724752835929,0.06945279985666275,0.00044568508747033775,0.18169903755187988
1.0,0.6,0.05,0.03,1,0.0671867847268004,0.0,0.00044594259816221893,0.06763272732496262,0.0004270117206033319,0.21813058853149414
1.0,0.6,0.05,0.03,2,0.06675041775451973,0.0,0.00048498500837013125,0.06723540276288986,0.0004991462919861078,0.1924452781677246
1.0,0.6,0.05,0.03,3,0.06888540461659431,0.0,0.0003858022391796112,0.06927120685577393,0.00047464403905905783,0.21043181419372559
1.0,0.6,0.05,0.03,4,0.06662358081666753,0.0,0.0005137648549862206,0.06713734567165375,0.00043816777179017663,0.17835068702697754
1.5,0.6,0.05,0.0232379000772445,0,0.06202536151977256,0.0,0.0005207724752835929,0.06254613399505615,0.0011737613240256906,0.1812458038330078
1.5,0.6,0.05,0.0232379000772445,1,0.06020099369925447,0.0,0.00044594259816221893,0.06064693629741669,0.0011605813633650541,0.22303175926208496
1.5,0.6,0.05,0.0232379000772445,2,0.0595534288440831,0.0,0.00048498500837013125,0.06003841385245323,0.0013019199250265956,0.2125072479248047
1.5,0.6,0.05,0.0232379000772445,3,0.0615529790520668,0.0,0.0003858022391796112,0.061938781291246414,0.0012551164254546165,0.17138195037841797
1.5,0.6,0.05,0.0232379000772445,4,0.05986929050413892,0.0,0.0005137648549862206,0.06038305535912514,0.001161710126325488,0.18650388717651367
2.0,0.6,0.05,0.018,0,0.05346191005082801,0.0,0.0005207724752835929,0.0539826825261116,0.0026356044691056013,0.1908550262451172
2.0,0.6,0.05,0.018,1,0.05159781200927682,0.0,0.00044594259816221893,0.05204375460743904,0.0026584963779896498,0.21282267570495605
2.0,0.6,0.05,0.018,2,0.05081152479397133,0.0,0.00048498500837013125,0.05129650980234146,0.0028868992812931538,0.16343235969543457
2.0,0.6,0.05,0.018,3,0.05260903388261795,0.0,0.0003858022391796112,0.05299483612179756,0.0028074237052351236,0.1725175380706787
2.0,0.6,0.05,0.018,4,0.05152916646329686,0.0,0.0005137648549862206,0.05204293131828308,0.0026195489335805178,0.18059968948364258
0.0,0.6,0.1,0.1,0,0.07983506716686861,0.0,2.210364755228511e-06,0.07983727753162384,1.1743340877501396e-07,0.22819948196411133
0.0,0.6,0.1,0.1,1,0.07799451948221758,0.0,1.4290112630988006e-06,0.07799594849348068,9.449348681300762e-08,0.17358660697937012
0.0,0.6,0.1,0.1,2,0.07838411408681623,0.0,1.656234076108376e-06,0.07838577032089233,1.3876925208933244e-07,0.22023773193359375
0.0,0.6,0.1,0.1,3,0.08045352442752574,0.0,1.152915842794755e-06,0.08045467734336853,9.64864597108317e-08,0.2110729217529297
0.0,0.6,0.1,0.1,4,0.0773024815429153,0.0,1.725245624584204e-06,0.07730420678853989,1.115597214607078e-07,0.2011113166809082
0.25,0.6,0.1,0.08801117367933935,0,0.0797166476388611,0.0,2.210364755228511e-06,0.07971885800361633,4.3275105099382927e-07,0.22835159301757812
0.25,0.6,0.1,0.08801117367933935,1,0.07788483203466967,0.0,1.4290112630988006e-06,0.07788626104593277,3.5758793615059403e-07,0.1911602020263672
0.25,0.6,0.1,0.08801117367933935,2,0.07825255173463574,0.0,1.656234076108376e-06,0.07825420796871185,5.073931106380769e-07,0.23458242416381836
0.25,0.6,0.1,0.08801117367933935,3,0.08033065690290186,0.0,1.152915842794755e-06,0.08033180981874466,3.7747210512861784e-07,0.18013453483581543
0.25,0.6,0.1,0.08801117367933935,4,0.07718924016842266,0.0,1.725245624584204e-06,0.07719096541404724,4.1490761759632733e-07,0.20249485969543457
0.5,0.6,0.1,0.07745966692414835,0,0.07950711496073382,0.0,2.210364755228511e-06,0.07950932532548904,1.3936925142843393e-06,0.15373444557189941
0.5,0.6,0.1,0.07745966692414835,1,0.07768734694536761,0.0,1.4290112630988006e-06,0.0776887759566307,1.1780784916481934e-06,0.2194221019744873
0.5,0.6,0.1,0.07745966692414835,2,0.07802092808503858,0.0,1.656234076108376e-06,0.07802258431911469,1.6220838006120175e-06,0.2152245044708252
0.5,0.6,0.1,0.07745966692414835,3,0.080109434263818,0.0,1.152915842794755e-06,0.0801105871796608,1.2776615676557412e-06,0.20196032524108887
0.5,0.6,0.1,0.07745966692414835,4,0.07698680044302364,0.0,1.725245624584204e-06,0.07698852568864822,1.3460844456858467e-06,0.2104053497314453
0.75,0.6,0.1,0.06817316198804996,0,0.07915985084969179,0.0,2.210364755228511e-06,0.07916206121444702,3.984865543316118e-06,0.20496702194213867
0.75,0.6,0.1,0.06817316198804996,1,0.07735467107113436,0.0,1.4290112630988006e-06,0.07735610008239746,3.4389399843348656e-06,0.19724631309509277
0.75,0.6,0.1,0.06817316198804996,2,0.0776389144660925,0.0,1.656234076108376e-06,0.07764057070016861,4.60644105260144e-06,0.19407129287719727
0.75,0.6,0.1,0.06817316198804996,3,0.07973823143731806,0.0,1.152915842794755e-06,0.07973938435316086,3.8057387428125367e-06,0.2153797149658203
0.75,0.6,0.1,0.06817316198804996,4,0.07664861113914867,0.0,1.725245624584204e-06,0.07665033638477325,3.872850356856361e-06,0.1812434196472168
1.0,0.6,0.1,0.06,0,0.0786170611520447,0.0,2.210364755228511e-06,0.07861927151679993,1.0257562280457933e-05,0.21555662155151367
1.0,0.6,0.1,0.06,1,0.07682687194164828,0.0,1.4290112630988006e-06,0.07682830095291138,9.030841283674818e-06,0.17912650108337402
1.0,0.6,0.1,0.06,2,0.07704486477393857,0.0,1.656234076108376e-06,0.07704652100801468,1.178358343167929e-05,0.19431090354919434
1.0,0.6,0.1,0.06,3,0.07915327145349238,0.0,1.152915842794755e-06,0.07915442436933517,1.0126032975676935e-05,0.18225812911987305
1.0,0.6,0.1,0.06,4,0.07611699731239696,0.0,1.725245624584204e-06,0.07611872255802155,1.002467888611136e-05,0.20005297660827637
1.5,0.6,0.1,0.046475800154489,0,0.07667489595610277,0.0,2.210364755228511e-06,0.076677106320858,5.2038609283044934e-05,0.17419838905334473
1.5,0.6,0.1,0.046475800154489,1,0.07490196229036883,0.0,1.4290112630988006e-06,0.07490339130163193,4.765952689922415e-05,0.19118142127990723
1.5,0.6,0.1,0.046475800154489,2,0.07493839937467328,0.0,1.656234076108376e-06,0.07494005560874939,5.911322296014987e-05,0.1665940284729004
1.5,0.6,0.1,0.046475800154489,3,0.07704879535924647,0.0,1.152915842794755e-06,0.07704994827508926,5.378562127589248e-05,0.17711806297302246
1.5,0.6,0.1,0.046475800154489,4,0.07420602024683376,0.0,1.725245624584204e-06,0.07420774549245834,5.133921513333917e-05,0.20000052452087402
2.0,0.6,0.1,0.036,0,0.07313906647164004,0.0,2.210364755228511e-06,0.07314127683639526,0.00019754756067413837,0.16592788696289062
2.0,0.6,0.1,0.036,1,0.07134360225018099,0.0,1.4290112630988006e-06,0.07134503126144409,0.0001878574548754841,0.21974444389343262
2.0,0.6,0.1,0.036,2,0.07115512120742551,0.0,1.656234076108376e-06,0.07115677744150162,0.00022206976427696645,0.19653677940368652
2.0,0.6,0.1,0.036,3,0.0732253138590977,0.0,1.152915842794755e-06,0.07322646677494049,0.00020921399118378758,0.1931314468383789
2.0,0.6,0.1,0.036,4,0.07072452784666439,0.0,1.725245624584204e-06,0.07072625309228897,0.00019627821166068316,0.15890789031982422
0.0,0.8,0.01,0.01,0,-0.10108137130737305,0.0,0.14282096922397614,0.04173959791660309,0.027386391535401344,0.18724608421325684
0.0,0.8,0.01,0.01,1,-0.10411161184310913,0.0,0.14401620626449585,0.03990459442138672,0.027102377265691757,0.1647777557373047
0.0,0.8,0.01,0.01,2,-0.11102981492877007,0.0,0.15054839849472046,0.039518583565950394,0.02927018515765667,0.22887825965881348
0.0,0.8,0.01,0.01,3,-0.10114797577261925,0.0,0.14365245401859283,0.04250447824597359,0.02676158770918846,0.19793081283569336
0.0,0.8,0.01,0.01,4,-0.11297203972935677,0.0,0.15742692351341248,0.04445488378405571,0.028432678431272507,0.1929776668548584
0.25,0.8,0.01,0.009457416090031758,0,-0.0997888371348381,0.0,0.14282096922397614,0.04303213208913803,0.030244555324316025,0.19861650466918945
0.25,0.8,0.01,0.009457416090031758,1,-0.10280679911375046,0.0,0.14401620626449585,0.04120940715074539,0.029987549409270287,0.22594809532165527
0.25,0.8,0.01,0.009457416090031758,2,-0.10965661704540253,0.0,0.15054839849472046,0.04089178144931793,0.03233376890420914,0.2151658535003662
0.25,0.8,0.01,0.009457416090031758,3,-0.0997951589524746,0.0,0.14365245401859283,0.04385729506611824,0.02948293462395668,0.1909182071685791
0.25,0.8,0.01,0.009457416090031758,4,-0.1114296056330204,0.0,0.15742692351341248,0.045997317880392075,0.03143899142742157,0.20652008056640625
0.5,0.8,0.01,0.00894427190999916,0,-0.09838331490755081,0.0,0.14282096922397614,0.044437654316425323,0.03325160592794418,0.21804571151733398
0.5,0.8,0.01,0.00894427190999916,1,-0.10138283669948578,0.0,0.14401620626449585,0.04263336956501007,0.03302617371082306,0.2170557975769043
0.5,0.8,0.01,0.00894427190999916,2,-0.10815650969743729,0.0,0.15054839849472046,0.04239188879728317,0.03555936738848686,0.207733154296875
0.5,0.8,0.01,0.00894427190999916,3,-0.09833189100027084,0.0,0.14365245401859283,0.04532056301832199,0.032340455800294876,0.22542333602905273
0.5,0.8,0.01,0.00894427190999916,4,-0.10976799577474594,0.0,0.15742692351341248,0.047658927738666534,0.034605711698532104,0.204695463180542
0.75,0.8,0.01,0.008458970107524513,0,-0.09686903282999992,0.0,0.14282096922397614,0.04595193639397621,0.036400001496076584,0.18584012985229492
0.75,0.8,0.01,0.008458970107524513,1,-0.09984418004751205,0.0,0.14401620626449585,0.044172026216983795,0.03621058911085129,0.2096714973449707
0.75,0.8,0.01,0.008458970107524513,2,-0.10653404891490936,0.0,0.15054839849472046,0.044014349579811096,0.038939137011766434,0.2096271514892578
0.75,0.8,0.01,0.008458970107524513,3,-0.0967627614736557,0.0,0.14365245401859283,0.046889692544937134,0.035326965153217316,0.22758126258850098
0.75,0.8,0.01,0.008458970107524513,4,-0.10799198597669601,0.0,0.15742692351341248,0.04943493753671646,0.037924978882074356,0.21989846229553223
1.0,0.8,0.01,0.008,0,-0.0952511727809906,0.0,0.14282096922397614,0.047569796442985535,0.03968098387122154,0.2193315029144287
1.0,0.8,0.01,0.008,1,-0.09819629788398743,0.0,0.14401620626449585,0.04581990838050842,0.03953191637992859,0.21567034721374512
1.0,0.8,0.01,0.008,2,-0.10479485243558884,0.0,0.15054839849472046,0.04575354605913162,0.042463917285203934,0.19772553443908691
1.0,0.8,0.01,0.008,3,-0.0950932539999485,0.0,0.14365245401859283,0.04855920001864433,0.038434188812971115,0.18688440322875977
1.0,0.8,0.01,0.008,4,-0.10610738024115562,0.0,0.15742692351341248,0.05131954327225685,0.041387636214494705,0.18860101699829102
1.5,0.8,0.01,0.007155417527999328,0,-0.0917295552790165,0.0,0.14282096922397614,0.05109141394495964,0.046600572764873505,0.19176793098449707
1.5,0.8,0.01,0.007155417527999328,1,-0.09459900110960007,0.0,0.14401620626449585,0.04941720515489578,0.04654449224472046,0.21657180786132812
1.5,0.8,0.01,0.007155417527999328,2,-0.10099340975284576,0.0,0.15054839849472046,0.049554988741874695,0.049906209111213684,0.1595611572265625
1.5,0.8,0.01,0.007155417527999328,3,-0.09147873520851135,0.0,0.14365245401859283,0.05217371881008148,0.044973224401474,0.20734691619873047
1.5,0.8,0.01,0.007155417527999328,4,-0.10203967243432999,0.0,0.15742692351341248,0.05538725107908249,0.048700883984565735,0.1905229091644287
2.0,0.8,0.01,0.006400000000000001,0,-0.0878746509552002,0.0,0.14282096922397614,0.05494631826877594,0.0539221428334713,0.1767137050628662
2.0,0.8,0.01,0.006400000000000001,1,-0.09065001830458641,0.0,0.14401620626449585,0.05336618795990944,0.05397399887442589,0.22103452682495117
2.0,0.8,0.01,0.006400000000000001,2,-0.0968138538300991,0.0,0.15054839849472046,0.05373454466462135,0.05779256671667099,0.17531394958496094
2.0,0.8,0.01,0.006400000000000001,3,-0.08754565566778183,0.0,0.14365245401859283,0.056106798350811005,0.05187530070543289,0.21189403533935547
2.0,0.8,0.01,0.006400000000000001,4,-0.09762648865580559,0.0,0.15742692351341248,0.05980043485760689,0.05645203962922096,0.18702411651611328
0.0,0.8,0.05,0.05,0,0.03833769337506965,0.0,0.0005207724752835929,0.03885846585035324,1.763373256835621e-05,0.17596983909606934
0.0,0.8,0.05,0.05,1,0.03743714911979623,0.0,0.00044594259816221893,0.03788309171795845,1.4561433999915607e-05,0.19984698295593262
0.0,0.8,0.05,0.05,2,0.03744497458683327,0.0,0.00048498500837013125,0.0379299595952034,1.929137943079695e-05,0.19733643531799316
0.0,0.8,0.05,0.05,3,0.03831325098872185,0.0,0.0003858022391796112,0.03869905322790146,1.738173705234658e-05,0.21637964248657227
0.0,0.8,0.05,0.05,4,0.03690544253913686,0.0,0.0005137648549862206,0.03741920739412308,1.6550999134778976e-05,0.1880197525024414
0.25,0.8,0.05,0.047287080450158794,0,0.03807440848322585,0.0,0.0005207724752835929,0.038595180958509445,2.4529743313905783e-05,0.2108931541442871
0.25,0.8,0.05,0.047287080450158794,1,0.037184205633820966,0.0,0.00044594259816221893,0.037630148231983185,2.0507312001427636e-05,0.20811891555786133
0.25,0.8,0.05,0.047287080450158794,2,0.0371653990005143,0.0,0.00048498500837013125,0.03765038400888443,2.6852261726162396e-05,0.18683338165283203
0.25,0.8,0.05,0.047287080450158794,3,0.0380341038107872,0.0,0.0003858022391796112,0.03841990604996681,2.4437713364022784e-05,0.22049880027770996
0.25,0.8,0.05,0.047287080450158794,4,0.03665262571303174,0.0,0.0005137648549862206,0.03716639056801796,2.3103364583221264e-05,0.18563628196716309
0.5,0.8,0.05,0.044721359549995794,0,0.037773416202981025,0.0,0.0005207724752835929,0.03829418867826462,3.36509729095269e-05,0.17309236526489258
0.5,0.8,0.05,0.044721359549995794,1,0.03689335731905885,0.0,0.00044594259816221893,0.03733929991722107,2.8479722459451295e-05,0.1710503101348877
0.5,0.8,0.05,0.044721359549995794,2,0.036846331611741334,0.0,0.00048498500837013125,0.037331316620111465,3.685709089040756e-05,0.19446730613708496
0.5,0.8,0.05,0.044721359549995794,3,0.03771483898162842,0.0,0.0003858022391796112,0.03810064122080803,3.384306182852015e-05,0.17821598052978516
0.5,0.8,0.05,0.044721359549995794,4,0.0363632935914211,0.0,0.0005137648549862206,0.03687705844640732,3.179999112035148e-05,0.18312382698059082
0.75,0.8,0.05,0.04229485053762257,0,0.03743207157822326,0.0,0.0005207724752835929,0.03795284405350685,4.5559016143670306e-05,0.17721152305603027
0.75,0.8,0.05,0.04229485053762257,1,0.03656178785604425,0.0,0.00044594259816221893,0.03700773045420647,3.902845855918713e-05,0.1822056770324707
0.75,0.8,0.05,0.04229485053762257,2,0.036485179618466645,0.0,0.00048498500837013125,0.03697016462683678,4.9922186008188874e-05,0.17969059944152832
0.75,0.8,0.05,0.04229485053762257,3,0.03735276311635971,0.0,0.0003858022391796112,0.03773856535553932,4.6203003876144066e-05,0.16146612167358398
0.75,0.8,0.05,0.04229485053762257,4,0.03603487944928929,0.0,0.0005137648549862206,0.03654864430427551,4.319116487749852e-05,0.2148418426513672
1.0,0.8,0.05,0.04000000000000001,0,0.03704796434612945,0.0,0.0005207724752835929,0.03756873682141304,6.091462273616344e-05,0.16904497146606445
1.0,0.8,0.05,0.04000000000000001,1,0.036186934245051816,0.0,0.00044594259816221893,0.036632876843214035,5.28103846590966e-05,0.18732714653015137
1.0,0.8,0.05,0.04000000000000001,2,0.03607962216483429,0.0,0.00048498500837013125,0.03656460717320442,6.677134661003947e-05,0.19332456588745117
1.0,0.8,0.05,0.04000000000000001,3,0.03694549575448036,0.0,0.0003858022391796112,0.03733129799365997,6.222916272236034e-05,0.20615243911743164
1.0,0.8,0.05,0.04000000000000001,4,0.03566506988136098,0.0,0.0005137648549862206,0.0361788347363472,5.7926012232201174e-05,0.1972963809967041
1.5,0.8,0.05,0.035777087639996645,0,0.03614337072940543,0.0,0.0005207724752835929,0.036664143204689026,0.00010515273606870323,0.21352243423461914
1.5,0.8,0.05,0.035777087639996645,1,0.0352988138620276,0.0,0.00044594259816221893,0.03574475646018982,9.329673775937408e-05,0.23208141326904297
1.5,0.8,0.05,0.035777087639996645,2,0.03512793342815712,0.0,0.00048498500837013125,0.03561291843652725,0.0001152992044808343,0.19811248779296875
1.5,0.8,0.05,0.035777087639996645,3,0.035987671464681625,0.0,0.0003858022391796112,0.03637347370386124,0.00010870271944440901,0.1695268154144287
1.5,0.8,0.05,0.035777087639996645,4,0.03479353821603581,0.0,0.0005137648549862206,0.035307303071022034,0.00010056681639980525,0.1854870319366455
2.0,0.8,0.05,0.03200000000000001,0,0.03504743502708152,0.0,0.0005207724752835929,0.03556820750236511,0.00017390275024808943,0.19609832763671875
2.0,0.8,0.05,0.03200000000000001,1,0.034216255677165464,0.0,0.00044594259816221893,0.03466219827532768,0.00015768759476486593,0.17280125617980957
2.0,0.8,0.05,0.03200000000000001,2,0.033981069282162935,0.0,0.00048498500837013125,0.034466054290533066,0.00019063340732827783,0.16946935653686523
2.0,0.8,0.05,0.03200000000000001,3,0.034830592572689056,0.0,0.0003858022391796112,0.03521639481186867,0.00018133271078113467,0.21336889266967773
2.0,0.8,0.05,0.03200000000000001,4,0.03373712411848828,0.0,0.0005137648549862206,0.0342508889734745,0.0001671794307185337,0.18300104141235352
0.0,0.8,0.1,0.1,0,0.04011043779451029,0.0,2.210364755228511e-06,0.04011264815926552,5.986321838236108e-08,0.1762707233428955
0.0,0.8,0.1,0.1,1,0.0390455775063856,0.0,1.4290112630988006e-06,0.0390470065176487,4.5990592667521923e-08,0.1866450309753418
0.0,0.8,0.1,0.1,2,0.03926570493001691,0.0,1.656234076108376e-06,0.03926736116409302,6.660012985548747e-08,0.20203590393066406
0.0,0.8,0.1,0.1,3,0.04001102043878291,0.0,1.152915842794755e-06,0.0400121733546257,4.7725979612778247e-08,0.17067337036132812
0.0,0.8,0.1,0.1,4,0.0386086213696899,0.0,1.725245624584204e-06,0.038610346615314484,5.631263988448154e-08,0.21457886695861816
0.25,0.8,0.1,0.09457416090031759,0,0.04008854798871653,0.0,2.210364755228511e-06,0.040090758353471756,1.0767372771169903e-07,0.17803072929382324
0.25,0.8,0.1,0.09457416090031759,1,0.039026258150897775,0.0,1.4290112630988006e-06,0.03902768716216087,8.37689171362399e-08,0.17729806900024414
0.25,0.8,0.1,0.09457416090031759,2,0.03924213501829854,0.0,1.656234076108376e-06,0.03924379125237465,1.195877388227018e-07,0.2187187671661377
0.25,0.8,0.1,0.09457416090031759,3,0.03998904122602198,0.0,1.152915842794755e-06,0.03999019414186478,8.826296493680275e-08,0.19160223007202148
0.25,0.8,0.1,0.09457416090031759,4,0.03858815835008045,0.0,1.725245624584204e-06,0.03858988359570503,1.016659183505908e-07,0.20025110244750977
0.5,0.8,0.1,0.08944271909999159,0,0.04005993030864374,0.0,2.210364755228511e-06,0.04006214067339897,1.8840972870748374e-07,0.22456932067871094
0.5,0.8,0.1,0.08944271909999159,1,0.039000803242288384,0.0,1.4290112630988006e-06,0.03900223225355148,1.4827756444901752e-07,0.18645310401916504
0.5,0.8,0.1,0.08944271909999159,2,0.039211367845723544,0.0,1.656234076108376e-06,0.03921302407979965,2.0891968688374618e-07,0.2084660530090332
0.5,0.8,0.1,0.08944271909999159,3,0.03996003611575816,0.0,1.152915842794755e-06,0.03996118903160095,1.5846437406707992e-07,0.17583489418029785
0.5,0.8,0.1,0.08944271909999159,4,0.038561280380577045,0.0,1.725245624584204e-06,0.03856300562620163,1.7847784761215735e-07,0.16868972778320312
0.75,0.8,0.1,0.08458970107524515,0,0.040023035033527776,0.0,2.210364755228511e-06,0.040025245398283005,3.2119154980136955e-07,0.20572996139526367
0.75,0.8,0.1,0.08458970107524515,1,0.03896770403798655,0.0,1.4290112630988006e-06,0.03896913304924965,2.555055118591554e-07,0.17626571655273438
0.75,0.8,0.1,0.08458970107524515,2,0.0391717456581091,0.0,1.656234076108376e-06,0.03917340189218521,3.556307035523787e-07,0.24253034591674805
0.75,0.8,0.1,0.08458970107524515,3,0.03992234735380862,0.0,1.152915842794755e-06,0.03992350026965141,2.766435613921203e-07,0.20959067344665527
0.75,0.8,0.1,0.08458970107524515,4,0.038526474993318516,0.0,1.725245624584204e-06,0.0385282002389431,3.051519001928682e-07,0.19078278541564941
1.0,0.8,0.1,0.08000000000000002,0,0.03997609265047686,0.0,2.210364755228511e-06,0.039978303015232086,5.34177161171101e-07,0.19978809356689453
1.0,0.8,0.1,0.08000000000000002,1,0.03892525435503558,0.0,1.4290112630988006e-06,0.038926683366298676,4.2927479171339655e-07,0.18276286125183105
1.0,0.8,0.1,0.08000000000000002,2,0.03912140208501569,0.0,1.656234076108376e-06,0.0391230583190918,5.906662181587308e-07,0.19620466232299805
1.0,0.8,0.1,0.08000000000000002,3,0.03987404523979876,0.0,1.152915842794755e-06,0.039875198155641556,4.703204012912465e-07,0.21443438529968262
1.0,0.8,0.1,0.08000000000000002,4,0.03848202110418697,0.0,1.725245624584204e-06,0.038483746349811554,5.088562033961352e-07,0.16944193840026855
1.5,0.8,0.1,0.07155417527999329,0,0.039843878372494146,0.0,2.210364755228511e-06,0.039846088737249374,1.379041123072966e-06,0.17326927185058594
1.5,0.8,0.1,0.07155417527999329,1,0.03880421222265795,0.0,1.4290112630988006e-06,0.03880564123392105,1.129626639340131e-06,0.15453505516052246
1.5,0.8,0.1,0.07155417527999329,2,0.038979867130706225,0.0,1.656234076108376e-06,0.03898152336478233,1.5213186088658404e-06,0.191910982131958
1.5,0.8,0.1,0.07155417527999329,3,0.03973676084171984,0.0,1.152915842794755e-06,0.03973791375756264,1.2623837619685219e-06,0.16657447814941406
1.5,0.8,0.1,0.07155417527999329,4,0.03835615472087284,0.0,1.725245624584204e-06,0.03835787996649742,1.3199286286180723e-06,0.20118141174316406
2.0,0.8,0.1,0.06400000000000002,0,0.039644839837137624,0.0,2.210364755228511e-06,0.03964705020189285,3.2732523322920315e-06,0.19158411026000977
2.0,0.8,0.1,0.06400000000000002,1,0.03861919195469454,0.0,1.4290112630988006e-06,0.03862062096595764,2.730967707975651e-06,0.21108198165893555
2.0,0.8,0.1,0.06400000000000002,2,0.03876735422034017,0.0,1.656234076108376e-06,0.038769010454416275,3.6039684800925897e-06,0.1892397403717041
2.0,0.8,0.1,0.06400000000000002,3,0.03952823026668284,0.0,1.152915842794755e-06,0.039529383182525635,3.096292630289099e-06,0.18226051330566406
2.0,0.8,0.1,0.06400000000000002,4,0.03816564710029979,0.0,1.725245624584204e-06,0.03816737234592438,3.146305971313268e-06,0.14583563804626465
0.0,1.0,0.01,0.01,0,-0.1189278457313776,0.0,0.14282096922397614,0.023893123492598534,0.023668980225920677,0.178910493850708
0.0,1.0,0.01,0.01,1,-0.12089529819786549,0.0,0.14401620626449585,0.023120908066630363,0.022903921082615852,0.19149565696716309
0.0,1.0,0.01,0.01,2,-0.12649362161755562,0.0,0.15054839849472046,0.02405477687716484,0.02397826313972473,0.21040630340576172
0.0,1.0,0.01,0.01,3,-0.11921529099345207,0.0,0.14365245401859283,0.024437163025140762,0.02291199006140232,0.21452927589416504
0.0,1.0,0.01,0.01,4,-0.13154437020421028,0.0,0.15742692351341248,0.025882553309202194,0.025572339072823524,0.21475744247436523
0.25,1.0,0.01,0.01,0,-0.1189278457313776,0.0,0.14282096922397614,0.023893123492598534,0.023668980225920677,0.1757335662841797
0.25,1.0,0.01,0.01,1,-0.12089529819786549,0.0,0.14401620626449585,0.023120908066630363,0.022903921082615852,0.24749112129211426
0.25,1.0,0.01,0.01,2,-0.12649362161755562,0.0,0.15054839849472046,0.02405477687716484,0.02397826313972473,0.18452692031860352
0.25,1.0,0.01,0.01,3,-0.11921529099345207,0.0,0.14365245401859283,0.024437163025140762,0.02291199006140232,0.18218660354614258
0.25,1.0,0.01,0.01,4,-0.13154437020421028,0.0,0.15742692351341248,0.025882553309202194,0.025572339072823524,0.21531987190246582
0.5,1.0,0.01,0.01,0,-0.1189278457313776,0.0,0.14282096922397614,0.023893123492598534,0.023668980225920677,0.17117023468017578
0.5,1.0,0.01,0.01,1,-0.12089529819786549,0.0,0.14401620626449585,0.023120908066630363,0.022903921082615852,0.15125799179077148
0.5,1.0,0.01,0.01,2,-0.12649362161755562,0.0,0.15054839849472046,0.02405477687716484,0.02397826313972473,0.20169973373413086
0.5,1.0,0.01,0.01,3,-0.11921529099345207,0.0,0.14365245401859283,0.024437163025140762,0.02291199006140232,0.19183945655822754
0.5,1.0,0.01,0.01,4,-0.13154437020421028,0.0,0.15742692351341248,0.025882553309202194,0.025572339072823524,0.23061227798461914
0.75,1.0,0.01,0.01,0,-0.1189278457313776,0.0,0.14282096922397614,0.023893123492598534,0.023668980225920677,0.2124040126800537
0.75,1.0,0.01,0.01,1,-0.12089529819786549,0.0,0.14401620626449585,0.023120908066630363,0.022903921082615852,0.2059311866760254
0.75,1.0,0.01,0.01,2,-0.12649362161755562,0.0,0.15054839849472046,0.02405477687716484,0.02397826313972473,0.21380996704101562
0.75,1.0,0.01,0.01,3,-0.11921529099345207,0.0,0.14365245401859283,0.024437163025140762,0.02291199006140232,0.2060847282409668
0.75,1.0,0.01,0.01,4,-0.13154437020421028,0.0,0.15742692351341248,0.025882553309202194,0.025572339072823524,0.19950389862060547
1.0,1.0,0.01,0.01,0,-0.1189278457313776,0.0,0.14282096922397614,0.023893123492598534,0.023668980225920677,0.24299407005310059
1.0,1.0,0.01,0.01,1,-0.12089529819786549,0.0,0.14401620626449585,0.023120908066630363,0.022903921082615852,0.2183072566986084
1.0,1.0,0.01,0.01,2,-0.12649362161755562,0.0,0.15054839849472046,0.02405477687716484,0.02397826313972473,0.24152612686157227
1.0,1.0,0.01,0.01,3,-0.11921529099345207,0.0,0.14365245401859283,0.024437163025140762,0.02291199006140232,0.23238825798034668
1.0,1.0,0.01,0.01,4,-0.13154437020421028,0.0,0.15742692351341248,0.025882553309202194,0.025572339072823524,0.21802115440368652
1.5,1.0,0.01,0.01,0,-0.1189278457313776,0.0,0.14282096922397614,0.023893123492598534,0.023668980225920677,0.21541547775268555
1.5,1.0,0.01,0.01,1,-0.12089529819786549,0.0,0.14401620626449585,0.023120908066630363,0.022903921082615852,0.24468588829040527
1.5,1.0,0.01,0.01,2,-0.12649362161755562,0.0,0.15054839849472046,0.02405477687716484,0.02397826313972473,0.20142436027526855
1.5,1.0,0.01,0.01,3,-0.11921529099345207,0.0,0.14365245401859283,0.024437163025140762,0.02291199006140232,0.2288827896118164
1.5,1.0,0.01,0.01,4,-0.13154437020421028,0.0,0.15742692351341248,0.025882553309202194,0.025572339072823524,0.23233532905578613
2.0,1.0,0.01,0.01,0,-0.1189278457313776,0.0,0.14282096922397614,0.023893123492598534,0.023668980225920677,0.22406530380249023
2.0,1.0,0.01,0.01,1,-0.12089529819786549,0.0,0.14401620626449585,0.023120908066630363,0.022903921082615852,0.22354555130004883
2.0,1.0,0.01,0.01,2,-0.12649362161755562,0.0,0.15054839849472046,0.02405477687716484,0.02397826313972473,0.2145555019378662
2.0,1.0,0.01,0.01,3,-0.11921529099345207,0.0,0.14365245401859283,0.024437163025140762,0.02291199006140232,0.2374114990234375
2.0,1.0,0.01,0.01,4,-0.13154437020421028,0.0,0.15742692351341248,0.025882553309202194,0.025572339072823524,0.2018289566040039
0.0,1.0,0.05,0.05,0,-0.000520178169040264,0.0,0.0005207724752835929,5.943062433289015e-07,4.218854030568764e-07,0.2385103702545166
0.0,1.0,0.05,0.05,1,-0.00044557182599191947,0.0,0.00044594259816221893,3.707721702994604e-07,2.6934279162560415e-07,0.24170517921447754
0.0,1.0,0.05,0.05,2,-0.00048446543928548635,0.0,0.00048498500837013125,5.195690846448997e-07,3.7835269495190005e-07,0.2009284496307373
0.0,1.0,0.05,0.05,3,-0.0003854391795243828,0.0,0.0003858022391796112,3.63059655228426e-07,2.6677994924284576e-07,0.1918017864227295
0.0,1.0,0.05,0.05,4,-0.0005133174574041277,0.0,0.0005137648549862206,4.4739758209288993e-07,3.2154181894838985e-07,0.21975445747375488
0.25,1.0,0.05,0.05,0,-0.000520178169040264,0.0,0.0005207724752835929,5.943062433289015e-07,4.218854030568764e-07,0.23638129234313965
0.25,1.0,0.05,0.05,1,-0.00044557182599191947,0.0,0.00044594259816221893,3.707721702994604e-07,2.6934279162560415e-07,0.2025775909423828
0.25,1.0,0.05,0.05,2,-0.00048446543928548635,0.0,0.00048498500837013125,5.195690846448997e-07,3.7835269495190005e-07,0.22138166427612305
0.25,1.0,0.05,0.05,3,-0.0003854391795243828,0.0,0.0003858022391796112,3.63059655228426e-07,2.6677994924284576e-07,0.1710057258605957
0.25,1.0,0.05,0.05,4,-0.0005133174574041277,0.0,0.0005137648549862206,4.4739758209288993e-07,3.2154181894838985e-07,0.23491358757019043
0.5,1.0,0.05,0.05,0,-0.000520178169040264,0.0,0.0005207724752835929,5.943062433289015e-07,4.218854030568764e-07,0.22106003761291504
0.5,1.0,0.05,0.05,1,-0.00044557182599191947,0.0,0.00044594259816221893,3.707721702994604e-07,2.6934279162560415e-07,0.24118781089782715
0.5,1.0,0.05,0.05,2,-0.00048446543928548635,0.0,0.00048498500837013125,5.195690846448997e-07,3.7835269495190005e-07,0.23504066467285156
0.5,1.0,0.05,0.05,3,-0.0003854391795243828,0.0,0.0003858022391796112,3.63059655228426e-07,2.6677994924284576e-07,0.24327611923217773
0.5,1.0,0.05,0.05,4,-0.0005133174574041277,0.0,0.0005137648549862206,4.4739758209288993e-07,3.2154181894838985e-07,0.21612167358398438
0.75,1.0,0.05,0.05,0,-0.000520178169040264,0.0,0.0005207724752835929,5.943062433289015e-07,4.218854030568764e-07,0.25169968605041504
0.75,1.0,0.05,0.05,1,-0.00044557182599191947,0.0,0.00044594259816221893,3.707721702994604e-07,2.6934279162560415e-07,0.23465228080749512
0.75,1.0,0.05,0.05,2,-0.00048446543928548635,0.0,0.00048498500837013125,5.195690846448997e-07,3.7835269495190005e-07,0.2176210880279541
0.75,1.0,0.05,0.05,3,-0.0003854391795243828,0.0,0.0003858022391796112,3.63059655228426e-07,2.6677994924284576e-07,0.20679998397827148
0.75,1.0,0.05,0.05,4,-0.0005133174574041277,0.0,0.0005137648549862206,4.4739758209288993e-07,3.2154181894838985e-07,0.24832510948181152
1.0,1.0,0.05,0.05,0,-0.000520178169040264,0.0,0.0005207724752835929,5.943062433289015e-07,4.218854030568764e-07,0.2208256721496582
1.0,1.0,0.05,0.05,1,-0.00044557182599191947,0.0,0.00044594259816221893,3.707721702994604e-07,2.6934279162560415e-07,0.262958288192749
1.0,1.0,0.05,0.05,2,-0.00048446543928548635,0.0,0.00048498500837013125,5.195690846448997e-07,3.7835269495190005e-07,0.23665261268615723
1.0,1.0,0.05,0.05,3,-0.0003854391795243828,0.0,0.0003858022391796112,3.63059655228426e-07,2.6677994924284576e-07,0.23812079429626465
1.0,1.0,0.05,0.05,4,-0.0005133174574041277,0.0,0.0005137648549862206,4.4739758209288993e-07,3.2154181894838985e-07,0.21227812767028809
1.5,1.0,0.05,0.05,0,-0.000520178169040264,0.0,0.0005207724752835929,5.943062433289015e-07,4.218854030568764e-07,0.21142172813415527
1.5,1.0,0.05,0.05,1,-0.00044557182599191947,0.0,0.00044594259816221893,3.707721702994604e-07,2.6934279162560415e-07,0.22625970840454102
1.5,1.0,0.05,0.05,2,-0.00048446543928548635,0.0,0.00048498500837013125,5.195690846448997e-07,3.7835269495190005e-07,0.22874093055725098
1.5,1.0,0.05,0.05,3,-0.0003854391795243828,0.0,0.0003858022391796112,3.63059655228426e-07,2.6677994924284576e-07,0.18629813194274902
1.5,1.0,0.05,0.05,4,-0.0005133174574041277,0.0,0.0005137648549862206,4.4739758209288993e-07,3.2154181894838985e-07,0.2236316204071045
2.0,1.0,0.05,0.05,0,-0.000520178169040264,0.0,0.0005207724752835929,5.943062433289015e-07,4.218854030568764e-07,0.22168803215026855
2.0,1.0,0.05,0.05,1,-0.00044557182599191947,0.0,0.00044594259816221893,3.707721702994604e-07,2.6934279162560415e-07,0.27680325508117676
2.0,1.0,0.05,0.05,2,-0.00048446543928548635,0.0,0.00048498500837013125,5.195690846448997e-07,3.7835269495190005e-07,0.23372530937194824
2.0,1.0,0.05,0.05,3,-0.0003854391795243828,0.0,0.0003858022391796112,3.63059655228426e-07,2.6677994924284576e-07,0.18635153770446777
2.0,1.0,0.05,0.05,4,-0.0005133174574041277,0.0,0.0005137648549862206,4.4739758209288993e-07,3.2154181894838985e-07,0.21366667747497559
0.0,1.0,0.1,0.1,0,-2.210351225781851e-06,0.0,2.210364755228511e-06,1.3529446660220934e-11,7.825152852081185e-12,0.24430561065673828
0.0,1.0,0.1,0.1,1,-1.4290063316303725e-06,0.0,1.4290112630988006e-06,4.931468428059915e-12,3.0275309169380815e-12,0.2314586639404297
0.0,1.0,0.1,0.1,2,-1.6562247166940908e-06,0.0,1.656234076108376e-06,9.359414285259327e-12,5.736344559081896e-12,0.2617487907409668
0.0,1.0,0.1,0.1,3,-1.1529118104699337e-06,0.0,1.152915842794755e-06,4.032324821268141e-12,2.5263168293432336e-12,0.23463797569274902
0.0,1.0,0.1,0.1,4,-1.7252393027951916e-06,0.0,1.725245624584204e-06,6.321789012414536e-12,3.829298423491112e-12,0.2121269702911377
0.25,1.0,0.1,0.1,0,-2.210351225781851e-06,0.0,2.210364755228511e-06,1.3529446660220934e-11,7.825152852081185e-12,0.24282097816467285
0.25,1.0,0.1,0.1,1,-1.4290063316303725e-06,0.0,1.4290112630988006e-06,4.931468428059915e-12,3.0275309169380815e-12,0.25450634956359863
0.25,1.0,0.1,0.1,2,-1.6562247166940908e-06,0.0,1.656234076108376e-06,9.359414285259327e-12,5.736344559081896e-12,0.23541021347045898
0.25,1.0,0.1,0.1,3,-1.1529118104699337e-06,0.0,1.152915842794755e-06,4.032324821268141e-12,2.5263168293432336e-12,0.19732904434204102
0.25,1.0,0.1,0.1,4,-1.7252393027951916e-06,0.0,1.725245624584204e-06,6.321789012414536e-12,3.829298423491112e-12,0.26036906242370605
0.5,1.0,0.1,0.1,0,-2.210351225781851e-06,0.0,2.210364755228511e-06,1.3529446660220934e-11,7.825152852081185e-12,0.2050764560699463
0.5,1.0,0.1,0.1,1,-1.4290063316303725e-06,0.0,1.4290112630988006e-06,4.931468428059915e-12,3.0275309169380815e-12,0.17866086959838867
0.5,1.0,0.1,0.1,2,-1.6562247166940908e-06,0.0,1.656234076108376e-06,9.359414285259327e-12,5.736344559081896e-12,0.21324634552001953
0.5,1.0,0.1,0.1,3,-1.1529118104699337e-06,0.0,1.152915842794755e-06,4.032324821268141e-12,2.5263168293432336e-12,0.2373960018157959
0.5,1.0,0.1,0.1,4,-1.7252393027951916e-06,0.0,1.725245624584204e-06,6.321789012414536e-12,3.829298423491112e-12,0.22506284713745117
0.75,1.0,0.1,0.1,0,-2.210351225781851e-06,0.0,2.210364755228511e-06,1.3529446660220934e-11,7.825152852081185e-12,0.1982882022857666
0.75,1.0,0.1,0.1,1,-1.4290063316303725e-06,0.0,1.4290112630988006e-06,4.931468428059915e-12,3.0275309169380815e-12,0.22213482856750488
0.75,1.0,0.1,0.1,2,-1.6562247166940908e-06,0.0,1.656234076108376e-06,9.359414285259327e-12,5.736344559081896e-12,0.19620060920715332
0.75,1.0,0.1,0.1,3,-1.1529118104699337e-06,0.0,1.152915842794755e-06,4.032324821268141e-12,2.5263168293432336e-12,0.20873141288757324
0.75,1.0,0.1,0.1,4,-1.7252393027951916e-06,0.0,1.725245624584204e-06,6.321789012414536e-12,3.829298423491112e-12,0.19917654991149902
1.0,1.0,0.1,0.1,0,-2.210351225781851e-06,0.0,2.210364755228511e-06,1.3529446660220934e-11,7.825152852081185e-12,0.190385103225708
1.0,1.0,0.1,0.1,1,-1.4290063316303725e-06,0.0,1.4290112630988006e-06,4.931468428059915e-12,3.0275309169380815e-12,0.2009878158569336
1.0,1.0,0.1,0.1,2,-1.6562247166940908e-06,0.0,1.656234076108376e-06,9.359414285259327e-12,5.736344559081896e-12,0.18942904472351074
1.0,1.0,0.1,0.1,3,-1.1529118104699337e-06,0.0,1.152915842794755e-06,4.032324821268141e-12,2.5263168293432336e-12,0.2113502025604248
1.0,1.0,0.1,0.1,4,-1.7252393027951916e-06,0.0,1.725245624584204e-06,6.321789012414536e-12,3.829298423491112e-12,0.19289326667785645
1.5,1.0,0.1,0.1,0,-2.210351225781851e-06,0.0,2.210364755228511e-06,1.3529446660220934e-11,7.825152852081185e-12,0.18601036071777344
1.5,1.0,0.1,0.1,1,-1.4290063316303725e-06,0.0,1.4290112630988006e-06,4.931468428059915e-12,3.0275309169380815e-12,0.17427754402160645
1.5,1.0,0.1,0.1,2,-1.6562247166940908e-06,0.0,1.656234076108376e-06,9.359414285259327e-12,5.736344559081896e-12,0.18601727485656738
1.5,1.0,0.1,0.1,3,-1.1529118104699337e-06,0.0,1.152915842794755e-06,4.032324821268141e-12,2.5263168293432336e-12,0.19499945640563965
1.5,1.0,0.1,0.1,4,-1.7252393027951916e-06,0.0,1.725245624584204e-06,6.321789012414536e-12,3.829298423491112e-12,0.24098420143127441
2.0,1.0,0.1,0.1,0,-2.210351225781851e-06,0.0,2.210364755228511e-06,1.3529446660220934e-11,7.825152852081185e-12,0.2083582878112793
2.0,1.0,0.1,0.1,1,-1.4290063316303725e-06,0.0,1.4290112630988006e-06,4.931468428059915e-12,3.0275309169380815e-12,0.19362568855285645
2.0,1.0,0.1,0.1,2,-1.6562247166940908e-06,0.0,1.656234076108376e-06,9.359414285259327e-12,5.736344559081896e-12,0.15091729164123535
2.0,1.0,0.1,0.1,3,-1.1529118104699337e-06,0.0,1.152915842794755e-06,4.032324821268141e-12,2.5263168293432336e-12,0.17110633850097656
2.0,1.0,0.1,0.1,4,-1.7252393027951916e-06,0.0,1.725245624584204e-06,6.321789012414536e-12,3.829298423491112e-12,0.17865943908691406
